Номенклатура,Артикул,Группа,Стоимость,Прибыль,Предмет,Оборот в месяц,Цена остатка,Рентабельность,Базовая,Акция -8,Цена акция|Обычная,Рентабельность с акцией,Разница рент,Акция -15,Цена акция|Обычная,Рентабельность с акцией,Разница рент,Новая рентабельность,Продажи,Продажи за вчера,Тренд,Прибыль 2021,Дней в продаже,Цена остатка на стоках,Склад WB,FBS,Ожидание,Мойсклад,Оборачиваемость,Закончится через,Оборачиваемость склада,Обор посл день (весь),Обор посл день ВБ,Дней на сайте,Себес,Комиссия,Логистика ВБ,Литраж,Логистика литраж,Логистика мпстатс,Прибыль с партии,Прибыль с партии нов,Прибыль в мес,Новая прибыль,Изменение цены на...,Новая цена,Новая базовая,Прибыль новая,Новая комиссия,Упаковка,Платная приемка,Офис,Хранение в мес,Налог 1.5% + расход на рекламу 2.5%,% брака
,,,,,,,,,,,,,,,,,,,,,,,,,,,,,0,,,,,,,0,88,,80,73,,,,,,,,,,,,,5,,
,,,,,,,,,,,,,,,,,,,,,,,,,,,,,0,,,,,,,0,88,,80,73,,,,,,,,,,,,,5,,
,,,,,,,,,,,,,,,,,,,,,,,,,,,,,0,,,,,,,0,88,,80,73,,,,,,,,,,,,,5,,
,,,,,,,,,,,,,,,,,,,,,,,,,,,,,0,,,,,,,0,88,,80,73,,,,,,,,,,,,,5,,
63888659,parnik_agronom65_7,Неликвид/Весна - лето / Неликвид,1330,-245,Парники,0,0,-18%,1900,0,-1331,,-18%,0,-1331,,0%,-18%,0.0,0,0.0,0,0,0,0,0,0,0,0,,999,999,999,393,788,266,88,39,326,297,0,0,0,0,,1330,1900,-245,266,44,150,30,21,53,47
46135320,drenazh5_10_20,Неликвид,561,-211,Дренажи,23394,18673,-38%,801,284,-278,-101%,63%,296,-266,-93%,-8%,-38%,1.4,1,0.5,379,30,18673,51,0,0,0,37,37,37,76,76,153,366,95,88,22,201,159,-10754,-10754,-8793,-8793,,561,801,-211,95,22,45,30,13,22,22
,,,,,,,,,,,,,,,,,,,,,,,,,,,,,0,,,,,,,0,88,,80,73,,,,,,,,,,,,,5,,
,,,,,,,,,,,,,,,,,,,,,,,,,,,,,0,,,,,,,0,88,,80,73,,,,,,,,,,,,,5,,
,,,,,,,,,,,,,,,,,,,,,,,,,,,,,0,,,,,,,0,88,,80,73,,,,,,,,,,,,,5,,
,,,,,,,,,,,,,,,,,,,,,,,,,,,,,0,,,,,,,0,88,,80,73,,,,,,,,,,,,,5,,
,,,,,,,,,,,,,,,,,,,,,,,,,,,,,0,,,,,,,0,88,,80,73,,,,,,,,,,,,,5,,
28354916,bordoskaya_zhidkost500,Неликвид/Весна - лето / Неликвид,799,69,Средства защиты растений,1438,8680,9%,1142,673,-127,1%,8%,662,-138,-1%,2%,9%,0.1,1,11.2,17366,30,8680,23,0,0,0,383,383,383,34,34,57,377,136,88,0,80,73,1597,1597,125,125,,799,1142,69,136,47,39,30,5,32,23
,,,,,,,,,,,,,,,,,,,,,,,,,,,,,0,,,,,,,0,88,,80,73,,,,,,,,,,,,,5,,
,,,,,,,,,,,,,,,,,,,,,,,,,,,,,0,,,,,,,0,88,,80,73,,,,,,,,,,,,,5,,
,,,,,,,,,,,,,,,,,,,,,,,,,,,,,0,,,,,,,0,88,,80,73,,,,,,,,,,,,,5,,
26987811,shpulki20_24N,Неликвид,299,-23,Шпульки для швейных машин,0,331,-8%,427,0,-300,,-8%,0,-300,,0%,-8%,0.0,0,0.0,888,0,0,0,0,0,3,0,,999,999,999,84,110,51,88,0,80,73,-68,-68,0,0,,299,427,-23,51,28,45,30,5,12,7
15633815,konus17,Неликвид/Весна - лето / Неликвид,361,63,Сажалки,0,2407,17%,481,307,-55,23%,-5%,298,-64,21%,2%,17%,0.0,0,0.0,12255,30,2407,34,0,0,0,0,,999,999,999,42,71,72,88,0,80,73,2138,2138,0,0,,361,481,63,72,22,39,30,5,14,4
,,,,,,,,,,,,,,,,,,,,,,,,,,,,,0,,,,,,,0,88,,80,73,,,,,,,,,,,,,5,,
38414901,cilindr100,Неликвид,458,17,Мерные стаканы,53586,13724,4%,654,320,-139,-17%,21%,294,-165,-27%,10%,4%,3.9,3,0.8,58289,30,13412,86,0,0,2,22,23,23,29,29,145,156,87,88,0,80,681,1480,1480,1968,1968,,458,654,17,87,56,39,30,5,18,9
34984031,vodyanshar222,Неликвид/Весна - лето / Неликвид,302,-49,Воздушные шарики,21653,15207,-16%,431,285,-18,1%,-17%,258,-45,-8%,10%,-16%,2.4,5,2.2,27541,30,1507,11,0,0,100,5,46,46,21,2,72,137,51,88,1,80,80,-5391,-5391,-3482,-3482,,302,431,-49,51,28,39,30,5,12,8
,,,,,,,,,,,,,,,,,,,,,,,,,,,,,0,,,,,,,0,88,,80,73,,,,,,,,,,,,,5,,
,,,,,,,,,,,,,,,,,,,,,,,,,,,,,0,,,,,,,0,88,,80,73,,,,,,,,,,,,,5,,
,,,,,,,,,,,,,,,,,,,,,,,,,,,,,0,,,,,,,0,88,,80,73,,,,,,,,,,,,,5,,
34141459,kryshka_zoloto20,Актив/Осень / Сезонные,302,-20,Крышки для банок,2084,,-7%,432,254,-49,-1%,-6%,250,-53,-2%,1%,-7%,0.2,0,0.0,3102,0,#N/A,#N/A,0,0,0,0,,999,999,999,115,110,57,88,0,80,73,#N/A,#N/A,-139,-139,,302,432,-20,57,22,39,30,5,12,7
,,,,,,,,,,,,,,,,,,,,,,,,,,,,,0,,,,,,,0,88,,80,73,,,,,,,,,,,,,5,,
,,,,,,,,,,,,,,,,,,,,,,,,,,,,,0,,,,,,,0,88,,80,73,,,,,,,,,,,,,5,,
,,,,,,,,,,,,,,,,,,,,,,,,,,,,,0,,,,,,,0,88,,80,73,,,,,,,,,,,,,5,,
,,,,,,,,,,,,,,,,,,,,,,,,,,,,,0,,,,,,,0,88,,80,73,,,,,,,,,,,,,5,,
29371371,setka_goroh1x6,Неликвид/Весна - лето / Неликвид,316,-4,Сетки для защиты растений,13177,1300,-1%,451,139,-178,-73%,72%,144,-173,-67%,-6%,-1%,1.4,0,0.0,-5575,30,1300,13,0,0,0,9,9,9,999,999,72,100,54,88,1,80,83,-49,-49,-158,-158,,316,451,-4,54,33,45,30,5,13,6
,,,,,,,,,,,,,,,,,,,,,,,,,,,,,0,,,,,,,0,88,,80,73,,,,,,,,,,,,,5,,
18220370,derzhklub_d255chern,Неликвид,241,-62,Колышки садовые,3615,,-26%,370,0,-242,,-26%,0,-242,,0%,-26%,0.5,0,0.0,-46375,0,#N/A,#N/A,0,0,0,0,,999,999,999,82,87,48,88,1,80,73,#N/A,#N/A,-932,-932,,241,370,-62,48,39,45,30,5,10,5
13530015,setkazaten55_56,Неликвид/Весна - лето / Неликвид,2135,250,Сетки затеняющие,20496,99510,12%,3050,854,-1282,-82%,94%,854,-1282,-82%,0%,12%,0.3,0,0.0,202205,30,99510,107,0,0,0,334,334,334,999,999,153,930,363,88,36,305,277,26789,26789,2403,2403,,2135,3050,250,363,97,45,30,19,85,56
30269767,lentabordur02_10zel,Неликвид/Весна - лето / Неликвид,675,-31,Ленты бордюрные садовые,0,0,-5%,844,0,-676,,-5%,0,-676,,0%,-5%,0.0,0,0.0,8870,0,0,0,0,0,0,0,,999,999,999,96,364,135,88,4,80,73,0,0,0,0,,675,844,-31,135,44,45,30,5,27,22
36863029,sharlotta50fiol,Неликвид,300,2,Шапочки косметические,9000,,1%,429,0,-301,,1%,0,-301,,0%,1%,1.0,0,0.0,38974,0,#N/A,#N/A,0,0,0,0,,999,999,999,82,68,51,88,2,80,73,#N/A,#N/A,63,63,,300,429,2,51,48,39,30,5,12,4
17508560,podstavkashar13,Неликвид,395,-9,Подставки для воздушных шаров,47045,1481,-2%,608,0,-396,,-2%,316,-80,-6%,6%,-2%,4.0,1,0.3,376760,30,1481,11,0,0,0,3,3,3,8,8,72,135,67,88,3,80,75,-98,-98,-1060,-1060,,395,608,-9,67,64,39,30,5,16,8
34663410,setkazaten80_36,Неликвид/Весна - лето / Неликвид,1956,237,Сетки затеняющие,5868,41850,12%,2794,782,-1175,-78%,90%,810,-1147,-72%,-6%,12%,0.1,0,0.0,7794,30,41850,50,0,0,0,500,500,500,999,999,235,837,333,88,36,305,277,11862,11862,712,712,,1956,2794,237,333,67,45,30,19,78,50
,,,,,,,,,,,,,,,,,,,,,,,,,,,,,0,,,,,,,0,88,,80,73,,,,,,,,,,,,,5,,
,,,,,,,,,,,,,,,,,,,,,,,,,,,,,0,,,,,,,0,88,,80,73,,,,,,,,,,,,,5,,
27017162,dorozhka130x31N,Актив/Весна - Лето (март-октябрь),1360,241,Садовые дорожки,17136,65841,18%,1700,646,-715,-57%,74%,663,-698,-53%,-4%,18%,0.4,1,2.4,21047,30,65841,131,0,0,0,312,312,312,131,131,89,503,272,88,11,120,112,31555,31555,3035,3035,,1360,1700,241,272,102,120,30,7,54,30
28112919,drenazh5_10_10,Неликвид/Весна - лето / Неликвид,361,-207,Дренажи,0,0,-57%,516,0,-362,,-57%,0,-362,,0%,-57%,0.0,0,0.0,50061,0,0,0,0,0,0,0,,999,999,999,194,190,61,88,22,201,183,0,0,0,0,,361,516,-207,61,46,45,30,13,14,11
15075931,zagimroz,Неликвид,323,16,Держатели для простыни,30620,7829,5%,430,184,-140,-27%,32%,189,-135,-24%,-3%,5%,3.2,1,0.2,16356,30,7829,86,0,0,0,27,27,27,128,128,57,91,61,88,0,80,247,1357,1357,1496,1496,,323,430,16,61,22,39,30,5,13,5
,,,,,,,,,,,,,,,,,,,,,,,,,,,,,0,,,,,,,0,88,,80,73,,,,,,,,,,,,,5,,
12903234,zakatzmlp,Неликвид,266,-168,Машинки закаточные,5426,892,-63%,380,281,14,-32%,-31%,269,2,-38%,6%,-63%,0.7,0,0.0,-123,20,0,0,0,0,4,0,6,6,999,999,57,223,51,88,2,80,73,-672,-672,-3427,-3427,,266,380,-168,51,22,39,30,5,11,13
,,,,,,,,,,,,,,,,,,,,,,,,,,,,,0,,,,,,,0,88,,80,73,,,,,,,,,,,,,5,,
,,,,,,,,,,,,,,,,,,,,,,,,,,,,,0,,,,,,,0,88,,80,73,,,,,,,,,,,,,5,,
,,,,,,,,,,,,,,,,,,,,,,,,,,,,,0,,,,,,,0,88,,80,73,,,,,,,,,,,,,5,,
,,,,,,,,,,,,,,,,,,,,,,,,,,,,,0,,,,,,,0,88,,80,73,,,,,,,,,,,,,5,,
,,,,,,,,,,,,,,,,,,,,,,,,,,,,,0,,,,,,,0,88,,80,73,,,,,,,,,,,,,5,,
,,,,,,,,,,,,,,,,,,,,,,,,,,,,,0,,,,,,,0,88,,80,73,,,,,,,,,,,,,5,,
,,,,,,,,,,,,,,,,,,,,,,,,,,,,,0,,,,,,,0,88,,80,73,,,,,,,,,,,,,5,,
,,,,,,,,,,,,,,,,,,,,,,,,,,,,,0,,,,,,,0,88,,80,73,,,,,,,,,,,,,5,,
,,,,,,,,,,,,,,,,,,,,,,,,,,,,,0,,,,,,,0,88,,80,73,,,,,,,,,,,,,5,,
,,,,,,,,,,,,,,,,,,,,,,,,,,,,,0,,,,,,,0,88,,80,73,,,,,,,,,,,,,5,,
,,,,,,,,,,,,,,,,,,,,,,,,,,,,,0,,,,,,,0,88,,80,73,,,,,,,,,,,,,5,,
,,,,,,,,,,,,,,,,,,,,,,,,,,,,,0,,,,,,,0,88,,80,73,,,,,,,,,,,,,5,,
,,,,,,,,,,,,,,,,,,,,,,,,,,,,,0,,,,,,,0,88,,80,73,,,,,,,,,,,,,5,,
,,,,,,,,,,,,,,,,,,,,,,,,,,,,,0,,,,,,,0,88,,80,73,,,,,,,,,,,,,5,,
,,,,,,,,,,,,,,,,,,,,,,,,,,,,,0,,,,,,,0,88,,80,73,,,,,,,,,,,,,5,,
,,,,,,,,,,,,,,,,,,,,,,,,,,,,,0,,,,,,,0,88,,80,73,,,,,,,,,,,,,5,,
,,,,,,,,,,,,,,,,,,,,,,,,,,,,,0,,,,,,,0,88,,80,73,,,,,,,,,,,,,5,,
,,,,,,,,,,,,,,,,,,,,,,,,,,,,,0,,,,,,,0,88,,80,73,,,,,,,,,,,,,5,,
,,,,,,,,,,,,,,,,,,,,,,,,,,,,,0,,,,,,,0,88,,80,73,,,,,,,,,,,,,5,,
,,,,,,,,,,,,,,,,,,,,,,,,,,,,,0,,,,,,,0,88,,80,73,,,,,,,,,,,,,5,,
,,,,,,,,,,,,,,,,,,,,,,,,,,,,,0,,,,,,,0,88,,80,73,,,,,,,,,,,,,5,,
,,,,,,,,,,,,,,,,,,,,,,,,,,,,,0,,,,,,,0,88,,80,73,,,,,,,,,,,,,5,,
,,,,,,,,,,,,,,,,,,,,,,,,,,,,,0,,,,,,,0,88,,80,73,,,,,,,,,,,,,5,,
,,,,,,,,,,,,,,,,,,,,,,,,,,,,,0,,,,,,,0,88,,80,73,,,,,,,,,,,,,5,,
,,,,,,,,,,,,,,,,,,,,,,,,,,,,,0,,,,,,,0,88,,80,73,,,,,,,,,,,,,5,,
,,,,,,,,,,,,,,,,,,,,,,,,,,,,,0,,,,,,,0,88,,80,73,,,,,,,,,,,,,5,,
,,,,,,,,,,,,,,,,,,,,,,,,,,,,,0,,,,,,,0,88,,80,73,,,,,,,,,,,,,5,,
,,,,,,,,,,,,,,,,,,,,,,,,,,,,,0,,,,,,,0,88,,80,73,,,,,,,,,,,,,5,,
,,,,,,,,,,,,,,,,,,,,,,,,,,,,,0,,,,,,,0,88,,80,73,,,,,,,,,,,,,5,,
,,,,,,,,,,,,,,,,,,,,,,,,,,,,,0,,,,,,,0,88,,80,73,,,,,,,,,,,,,5,,
,,,,,,,,,,,,,,,,,,,,,,,,,,,,,0,,,,,,,0,88,,80,73,,,,,,,,,,,,,5,,
,,,,,,,,,,,,,,,,,,,,,,,,,,,,,0,,,,,,,0,88,,80,73,,,,,,,,,,,,,5,,
,,,,,,,,,,,,,,,,,,,,,,,,,,,,,0,,,,,,,0,88,,80,73,,,,,,,,,,,,,5,,
26989538,forma_saddorN,Неликвид,830,-71,Формы для облицовочного камня,28884,,-9%,1384,512,-319,-50%,42%,525,-306,-47%,-3%,-9%,1.2,0,0.3,40456,0,#N/A,#N/A,0,0,0,0,,999,999,999,115,387,166,88,15,152,128,#N/A,#N/A,-2487,-2487,,830,1384,-71,166,100,30,30,9,33,23
,,,,,,,,,,,,,,,,,,,,,,,,,,,,,0,,,,,,,0,88,,80,73,,,,,,,,,,,,,5,,
,,,,,,,,,,,,,,,,,,,,,,,,,,,,,0,,,,,,,0,88,,80,73,,,,,,,,,,,,,5,,
,,,,,,,,,,,,,,,,,,,,,,,,,,,,,0,,,,,,,0,88,,80,73,,,,,,,,,,,,,5,,
,,,,,,,,,,,,,,,,,,,,,,,,,,,,,0,,,,,,,0,88,,80,73,,,,,,,,,,,,,5,,
,,,,,,,,,,,,,,,,,,,,,,,,,,,,,0,,,,,,,0,88,,80,73,,,,,,,,,,,,,5,,
27012939,galkabel8-12_800N,Неликвид,393,68,Грунты для аквариумов и террариумов,34663,12282,17%,524,196,-198,-26%,43%,204,-190,-21%,-5%,17%,2.9,1,0.3,45556,30,12282,147,0,0,0,50,50,50,147,147,72,84,67,88,1,80,274,9978,9978,5987,5987,,393,524,68,67,40,30,30,5,16,5
,,,,,,,,,,,,,,,,,,,,,,,,,,,,,0,,,,,,,0,88,,80,73,,,,,,,,,,,,,5,,
,,,,,,,,,,,,,,,,,,,,,,,,,,,,,0,,,,,,,0,88,,80,73,,,,,,,,,,,,,5,,
15075930,zagimgolub,Неликвид,341,6,Держатели для простыни,32327,68393,2%,525,194,-148,-35%,37%,199,-143,-32%,-3%,2%,3.2,0,0.0,29196,30,67257,592,0,0,10,187,191,191,999,999,57,114,65,88,0,80,88,3439,3439,542,542,,341,525,6,65,22,39,30,5,14,7
,,,,,,,,,,,,,,,,,,,,,,,,,,,,,0,,,,,,,0,88,,80,73,,,,,,,,,,,,,5,,
,,,,,,,,,,,,,,,,,,,,,,,,,,,,,0,,,,,,,0,88,,80,73,,,,,,,,,,,,,5,,
,,,,,,,,,,,,,,,,,,,,,,,,,,,,,0,,,,,,,0,88,,80,73,,,,,,,,,,,,,5,,
13767594,agrotkan11_5,Неликвид/Весна - лето / Неликвид,440,26,Укрывной материал для растений,35112,0,6%,734,212,-229,-58%,64%,212,-229,-58%,0%,6%,2.7,0,0.0,194477,21,0,0,0,0,0,0,,0,999,999,57,165,75,88,5,80,73,0,0,2104,2104,,440,734,26,75,32,39,30,5,18,10
,,,,,,,,,,,,,,,,,,,,,,,,,,,,,0,,,,,,,0,88,,80,73,,,,,,,,,,,,,5,,
,,,,,,,,,,,,,,,,,,,,,,,,,,,,,0,,,,,,,0,88,,80,73,,,,,,,,,,,,,5,,
,,,,,,,,,,,,,,,,,,,,,,,,,,,,,0,,,,,,,0,88,,80,73,,,,,,,,,,,,,5,,
,,,,,,,,,,,,,,,,,,,,,,,,,,,,,0,,,,,,,0,88,,80,73,,,,,,,,,,,,,5,,
,,,,,,,,,,,,,,,,,,,,,,,,,,,,,0,,,,,,,0,88,,80,73,,,,,,,,,,,,,5,,
,,,,,,,,,,,,,,,,,,,,,,,,,,,,,0,,,,,,,0,88,,80,73,,,,,,,,,,,,,5,,
,,,,,,,,,,,,,,,,,,,,,,,,,,,,,0,,,,,,,0,88,,80,73,,,,,,,,,,,,,5,,
13767597,shpaler2_10,Неликвид/Весна - лето / Неликвид,270,-131,Сетки для защиты растений,8100,185,-49%,386,0,-271,,-49%,0,-271,,0%,-49%,1.0,0,0.3,-54859,2,185,1,0,0,0,1,,1,3,3,82,185,46,88,4,80,73,-131,-131,-3940,-3940,,270,386,-131,46,34,45,30,5,11,11
,,,,,,,,,,,,,,,,,,,,,,,,,,,,,0,,,,,,,0,88,,80,73,,,,,,,,,,,,,5,,
13530018,setkazaten80_310,Неликвид/Весна - лето / Неликвид,2770,389,Сетки затеняющие,24099,126945,14%,3957,1266,-1505,-72%,86%,1305,-1466,-67%,-5%,14%,0.3,0,0.0,27243,30,126945,91,0,0,0,314,314,314,999,999,143,1395,471,88,20,189,172,35417,35417,3386,3386,,2770,3957,389,471,90,45,30,12,111,84
,,,,,,,,,,,,,,,,,,,,,,,,,,,,,0,,,,,,,0,88,,80,73,,,,,,,,,,,,,5,,
,,,,,,,,,,,,,,,,,,,,,,,,,,,,,0,,,,,,,0,88,,80,73,,,,,,,,,,,,,5,,
,,,,,,,,,,,,,,,,,,,,,,,,,,,,,0,,,,,,,0,88,,80,73,,,,,,,,,,,,,5,,
,,,,,,,,,,,,,,,,,,,,,,,,,,,,,0,,,,,,,0,88,,80,73,,,,,,,,,,,,,5,,
,,,,,,,,,,,,,,,,,,,,,,,,,,,,,0,,,,,,,0,88,,80,73,,,,,,,,,,,,,5,,
,,,,,,,,,,,,,,,,,,,,,,,,,,,,,0,,,,,,,0,88,,80,73,,,,,,,,,,,,,5,,
46135202,torf_beomaster_2,Неликвид,604,48,Торфы,14677,44195,8%,863,343,-262,-43%,51%,319,-286,-53%,10%,8%,0.8,1,1.2,3122,30,44195,192,0,0,0,237,237,237,192,192,57,230,121,88,4,80,73,9181,9181,1162,1162,,604,863,48,121,53,120,30,5,24,14
,,,,,,,,,,,,,,,,,,,,,,,,,,,,,0,,,,,,,0,88,,80,73,,,,,,,,,,,,,5,,
,,,,,,,,,,,,,,,,,,,,,,,,,,,,,0,,,,,,,0,88,,80,73,,,,,,,,,,,,,5,,
28994073,sbornik_dyagod_biruza,Актив/Весна - Лето (март-октябрь),400,-32,Плодосъемники,360,15659,-8%,572,297,-104,-23%,15%,308,-93,-19%,-4%,-8%,0.0,0,0.0,23107,30,15659,106,0,0,0,3533,3533,3533,999,999,86,148,80,88,6,84,76,-3343,-3343,-28,-28,,400,572,-32,80,61,45,30,5,16,9
,,,,,,,,,,,,,,,,,,,,,,,,,,,,,0,,,,,,,0,88,,80,73,,,,,,,,,,,,,5,,
13767596,setkaptic2_5,Неликвид/Весна - лето / Неликвид,284,-50,Сетки для защиты растений,2982,11955,-18%,406,121,-164,-111%,93%,113,-172,-125%,14%,-18%,0.4,0,0.0,3378,30,11955,104,0,0,0,297,297,297,999,999,57,115,48,88,3,80,73,-5243,-5243,-529,-529,,284,406,-50,48,39,45,30,5,11,7
,,,,,,,,,,,,,,,,,,,,,,,,,,,,,0,,,,,,,0,88,,80,73,,,,,,,,,,,,,5,,
,,,,,,,,,,,,,,,,,,,,,,,,,,,,,0,,,,,,,0,88,,80,73,,,,,,,,,,,,,5,,
,,,,,,,,,,,,,,,,,,,,,,,,,,,,,0,,,,,,,0,88,,80,73,,,,,,,,,,,,,5,,
,,,,,,,,,,,,,,,,,,,,,,,,,,,,,0,,,,,,,0,88,,80,73,,,,,,,,,,,,,5,,
28693500,struna1_stal_3XXX,Неликвид,205,-58,Струны,44034,3516,-28%,293,199,-7,0%,-29%,208,2,4%,-4%,-28%,7.2,5,0.7,8945,24,0,0,0,0,48,0,7,7,10,0,145,73,41,88,0,80,545,-2798,-2798,-12520,-12520,,205,293,-58,41,22,45,30,5,8,4
28301068,izabion5,Неликвид,293,-51,Удобрения для открытого грунта,0,3358,-17%,418,246,-48,-14%,-4%,242,-52,-15%,2%,-17%,0.0,0,0.0,-77,30,3358,26,0,0,0,0,,999,999,999,84,129,59,88,0,80,73,-1317,-1317,0,0,,293,418,-51,59,22,45,30,5,12,8
,,,,,,,,,,,,,,,,,,,,,,,,,,,,,0,,,,,,,0,88,,80,73,,,,,,,,,,,,,5,,
116684174,gorshok_alisa_3,Актив/Актив / Внесезонные,317,-94,Кашпо,26628,18714,-30%,453,0,-318,,-30%,0,-318,,0%,-30%,2.8,15,5.4,0,9,10816,63,0,0,46,23,39,39,7,4,57,172,54,88,2,80,62,-10289,-10289,-7929,-7929,,317,453,-94,54,48,120,30,5,13,10
,,,,,,,,,,,,,,,,,,,,,,,,,,,,,0,,,,,,,0,88,,80,73,,,,,,,,,,,,,5,,
28104736,kozochka,Неликвид/Весна - лето / Неликвид,158,-104,Витамины и добавки для животных,332,,-66%,263,252,93,22%,-88%,238,79,18%,4%,-66%,0.1,0,4.7,-1446,0,#N/A,#N/A,0,0,0,0,,999,999,999,142,87,27,88,0,80,73,#N/A,#N/A,-218,-218,,158,263,-104,27,22,30,30,5,6,5
28142268,karbamid_mochevina,Неликвид/Весна - лето / Неликвид,214,-80,Удобрения для открытого грунта,4301,0,-37%,305,0,-215,,-37%,0,-215,,0%,-37%,0.7,0,0.0,-41,2,0,0,0,0,0,0,,0,999,999,82,100,43,88,1,80,73,0,0,-1602,-1602,,214,305,-80,43,22,45,30,5,9,6
,,,,,,,,,,,,,,,,,,,,,,,,,,,,,0,,,,,,,0,88,,80,73,,,,,,,,,,,,,5,,
,,,,,,,,,,,,,,,,,,,,,,,,,,,,,0,,,,,,,0,88,,80,73,,,,,,,,,,,,,5,,
,,,,,,,,,,,,,,,,,,,,,,,,,,,,,0,,,,,,,0,88,,80,73,,,,,,,,,,,,,5,,
28302020,velikiivoinZZZ,Неликвид/Весна - лето / Неликвид,188,-111,Защита от насекомых,0,,-59%,268,264,75,12%,-71%,247,58,6%,6%,-59%,0.0,0,0.0,-643,0,#N/A,#N/A,0,0,0,0,,999,999,999,57,116,32,88,1,80,73,#N/A,#N/A,0,0,,188,268,-111,32,22,39,30,5,8,7
,,,,,,,,,,,,,,,,,,,,,,,,,,,,,0,,,,,,,0,88,,80,73,,,,,,,,,,,,,5,,
30043887,kashpo_d25,Неликвид/Весна - лето / Неликвид,548,-126,Товары для минисада,986,,-23%,783,461,-88,-13%,-10%,414,-135,-25%,12%,-23%,0.1,0,0.0,-968,0,#N/A,#N/A,0,0,0,0,,999,999,999,125,312,93,88,17,166,151,#N/A,#N/A,-227,-227,,548,783,-126,93,22,39,30,10,22,19
,,,,,,,,,,,,,,,,,,,,,,,,,,,,,0,,,,,,,0,88,,80,73,,,,,,,,,,,,,5,,
,,,,,,,,,,,,,,,,,,,,,,,,,,,,,0,,,,,,,0,88,,80,73,,,,,,,,,,,,,5,,
28111425,drenazh5_10_3,Неликвид/Весна - лето / Неликвид,195,-86,Дренажи,0,0,-44%,279,0,-196,,-44%,0,-196,,0%,-44%,0.0,0,0.0,18489,0,0,0,0,0,0,0,,999,999,999,57,74,33,88,0,80,73,0,0,0,0,,195,279,-86,33,47,45,30,5,8,4
,,,,,,,,,,,,,,,,,,,,,,,,,,,,,0,,,,,,,0,88,,80,73,,,,,,,,,,,,,5,,
,,,,,,,,,,,,,,,,,,,,,,,,,,,,,0,,,,,,,0,88,,80,73,,,,,,,,,,,,,5,,
14646672,sharlotta100zel,Актив,450,51,Шапочки косметические,1755,,11%,643,379,-72,13%,-1%,372,-79,11%,2%,11%,0.1,0,0.0,11518,0,#N/A,#N/A,0,0,0,0,,999,999,999,40,159,77,88,1,80,73,#N/A,#N/A,197,197,,450,643,51,77,22,39,30,5,18,10
,,,,,,,,,,,,,,,,,,,,,,,,,,,,,0,,,,,,,0,88,,80,73,,,,,,,,,,,,,5,,
,,,,,,,,,,,,,,,,,,,,,,,,,,,,,0,,,,,,,0,88,,80,73,,,,,,,,,,,,,5,,
,,,,,,,,,,,,,,,,,,,,,,,,,,,,,0,,,,,,,0,88,,80,73,,,,,,,,,,,,,5,,
,,,,,,,,,,,,,,,,,,,,,,,,,,,,,0,,,,,,,0,88,,80,73,,,,,,,,,,,,,5,,
,,,,,,,,,,,,,,,,,,,,,,,,,,,,,0,,,,,,,0,88,,80,73,,,,,,,,,,,,,5,,
,,,,,,,,,,,,,,,,,,,,,,,,,,,,,0,,,,,,,0,88,,80,73,,,,,,,,,,,,,5,,
,,,,,,,,,,,,,,,,,,,,,,,,,,,,,0,,,,,,,0,88,,80,73,,,,,,,,,,,,,5,,
,,,,,,,,,,,,,,,,,,,,,,,,,,,,,0,,,,,,,0,88,,80,73,,,,,,,,,,,,,5,,
,,,,,,,,,,,,,,,,,,,,,,,,,,,,,0,,,,,,,0,88,,80,73,,,,,,,,,,,,,5,,
,,,,,,,,,,,,,,,,,,,,,,,,,,,,,0,,,,,,,0,88,,80,73,,,,,,,,,,,,,5,,
,,,,,,,,,,,,,,,,,,,,,,,,,,,,,0,,,,,,,0,88,,80,73,,,,,,,,,,,,,5,,
,,,,,,,,,,,,,,,,,,,,,,,,,,,,,0,,,,,,,0,88,,80,73,,,,,,,,,,,,,5,,
,,,,,,,,,,,,,,,,,,,,,,,,,,,,,0,,,,,,,0,88,,80,73,,,,,,,,,,,,,5,,
26993519,kormushkaptic_krasnN,Неликвид,700,-85,Кормушки для животных,0,1335,-12%,1166,594,-107,1%,-13%,583,-118,-1%,2%,-12%,0.0,0,0.0,66241,30,1335,5,0,0,0,0,,999,999,999,71,267,119,88,23,213,193,-424,-424,0,0,,700,1166,-85,119,99,39,30,13,28,16
,,,,,,,,,,,,,,,,,,,,,,,,,,,,,0,,,,,,,0,88,,80,73,,,,,,,,,,,,,5,,
,,,,,,,,,,,,,,,,,,,,,,,,,,,,,0,,,,,,,0,88,,80,73,,,,,,,,,,,,,5,,
,,,,,,,,,,,,,,,,,,,,,,,,,,,,,0,,,,,,,0,88,,80,73,,,,,,,,,,,,,5,,
38417236,gorshok_alisa,Актив/Актив / Внесезонные,256,3,Кашпо,77491,13590,1%,365,272,15,32%,-31%,257,0,28%,4%,1%,10.1,5,0.5,10029,11,10305,189,40,0,113,19,30,30,65,40,72,45,44,88,2,80,201,818,818,820,820,,256,365,3,44,37,120,30,5,10,3
,,,,,,,,,,,,,,,,,,,,,,,,,,,,,0,,,,,,,0,88,,80,73,,,,,,,,,,,,,5,,
26993866,korzinaluk_kvadrat_zelN,Неликвид,193,-21,Сажалки,0,,-11%,276,162,-32,10%,-21%,160,-34,9%,1%,-11%,0.0,0,0.0,3244,0,#N/A,#N/A,0,0,6,0,,999,999,999,96,30,39,88,1,80,73,#N/A,#N/A,0,0,,193,276,-21,39,22,39,30,5,8,2
,,,,,,,,,,,,,,,,,,,,,,,,,,,,,0,,,,,,,0,88,,80,73,,,,,,,,,,,,,5,,
,,,,,,,,,,,,,,,,,,,,,,,,,,,,,0,,,,,,,0,88,,80,73,,,,,,,,,,,,,5,,
,,,,,,,,,,,,,,,,,,,,,,,,,,,,,0,,,,,,,0,88,,80,73,,,,,,,,,,,,,5,,
,,,,,,,,,,,,,,,,,,,,,,,,,,,,,0,,,,,,,0,88,,80,73,,,,,,,,,,,,,5,,
,,,,,,,,,,,,,,,,,,,,,,,,,,,,,0,,,,,,,0,88,,80,73,,,,,,,,,,,,,5,,
,,,,,,,,,,,,,,,,,,,,,,,,,,,,,0,,,,,,,0,88,,80,73,,,,,,,,,,,,,5,,
18220371,gerjhroz_d48chern,Неликвид,415,-54,Опоры для растений,0,,-13%,638,0,-416,,-13%,331,-85,-12%,12%,-13%,0.0,0,0.0,19219,0,#N/A,#N/A,0,0,0,0,,999,999,999,84,183,83,88,10,117,106,#N/A,#N/A,0,0,,415,638,-54,83,22,120,30,7,17,11
46083463,gorshok_adel2N,Актив/Актив / Внесезонные,411,36,Кашпо,214789,81704,9%,587,374,-38,18%,-9%,340,-72,10%,8%,9%,17.4,5,0.3,18418,30,40373,337,0,0,345,19,39,39,136,67,40,120,70,88,3,80,233,24533,24533,18799,18799,,411,587,36,70,47,120,30,5,16,7
,,,,,,,,,,,,,,,,,,,,,,,,,,,,,0,,,,,,,0,88,,80,73,,,,,,,,,,,,,5,,
,,,,,,,,,,,,,,,,,,,,,,,,,,,,,0,,,,,,,0,88,,80,73,,,,,,,,,,,,,5,,
,,,,,,,,,,,,,,,,,,,,,,,,,,,,,0,,,,,,,0,88,,80,73,,,,,,,,,,,,,5,,
111968458,podstavkashar16_2,Актив,887,226,Подставки для воздушных шаров,400747,103208,25%,934,785,-103,23%,2%,719,-169,17%,6%,25%,15.1,7,0.4,0,30,98009,377,0,500,20,25,60,26,60,57,72,260,151,88,2,80,136,89735,89735,102121,102121,,887,934,226,151,85,39,30,5,35,16
26999826,gladil_zagim_belN,Актив/Актив / Внесезонные,270,-8,Чехлы для гладильных досок,182655,46839,-3%,338,296,25,29%,-32%,272,1,23%,6%,-3%,22.6,9,0.4,105547,30,28215,353,0,0,233,16,26,26,65,39,72,80,46,88,1,80,300,-4603,-4603,-5314,-5314,,270,338,-8,46,22,45,30,5,11,5
26478687,kustoderzh28_120_4k,Неликвид/Весна - лето / Неликвид,479,-46,Колышки садовые,0,0,-10%,684,0,-480,,-10%,0,-480,,0%,-10%,0.0,0,0.0,32666,0,0,0,0,0,0,0,,999,999,999,50,203,96,88,0,80,73,0,0,0,0,,479,684,-46,96,80,45,30,5,19,12
26481364,kustoderzh28_90_3k,Неликвид/Весна - лето / Неликвид,246,-180,Колышки садовые,0,0,-73%,351,0,-247,,-73%,0,-247,,0%,-73%,0.0,0,0.0,14737,0,0,0,0,0,0,0,,999,999,999,85,161,49,88,0,80,73,0,0,0,0,,246,351,-180,49,81,45,30,5,10,10
88154056,sharkolonna130_2N,Актив/Новинки,790,155,Подставки для воздушных шаров,167322,143450,20%,1129,604,-187,6%,14%,575,-216,1%,4%,20%,7.1,3,0.4,0,30,72480,240,0,0,235,34,67,67,158,80,72,302,134,88,1,80,202,73839,73839,32924,32924,,790,1129,155,134,34,39,30,5,32,18
26990832,grunt_orhideiN,Актив,378,24,Грунты для растений,98091,31264,6%,540,413,34,30%,-23%,380,1,24%,6%,6%,8.7,3,0.3,33695,30,31264,244,0,0,0,28,28,28,91,91,72,128,64,88,2,80,93,5898,5898,6273,6273,,378,540,24,64,24,120,30,5,15,8
,,,,,,,,,,,,,,,,,,,,,,,,,,,,,0,,,,,,,0,88,,80,73,,,,,,,,,,,,,5,,
112360049,naborkonserv7,Актив/Новинки,686,187,Стерилизаторы для банок,0,0,27%,980,0,-687,,27%,0,-687,,0%,27%,0.0,0,0.0,0,0,0,0,0,0,0,0,,999,999,999,0,172,130,88,3,80,73,0,0,0,0,,686,980,187,130,44,39,30,5,27,10
26251350,dobryi_pom_torf50,Неликвид/Весна - лето / Неликвид,1714,668,Торфы,0,,39%,2449,0,-1715,,39%,0,-1715,,0%,39%,0.0,0,0.0,77765,0,#N/A,#N/A,0,0,1,0,,999,999,999,42,260,343,88,31,268,244,#N/A,#N/A,0,0,,1714,2449,668,343,44,120,30,17,69,16
,,,,,,,,,,,,,,,,,,,,,,,,,,,,,0,,,,,,,0,88,,80,73,,,,,,,,,,,,,5,,
,,,,,,,,,,,,,,,,,,,,,,,,,,,,,0,,,,,,,0,88,,80,73,,,,,,,,,,,,,5,,
,,,,,,,,,,,,,,,,,,,,,,,,,,,,,0,,,,,,,0,88,,80,73,,,,,,,,,,,,,5,,
25757808,parnik_udachniy35_4N,Неликвид/Март / Сезонные,900,-122,Парники,8640,3571,-14%,1500,375,-526,-91%,77%,345,-556,-106%,16%,-14%,0.3,1,3.1,156767,30,3571,10,0,0,0,31,31,31,10,10,241,357,180,88,37,312,284,-1224,-1224,-1175,-1175,,900,1500,-122,180,66,150,30,20,36,21
74225252,lentabordur_02x9gofkrasnN,Неликвид/Весна - лето / Неликвид,530,-33,Ленты бордюрные садовые,0,0,-6%,757,0,-531,,-6%,0,-531,,0%,-6%,0.0,0,0.0,0,0,0,0,0,0,0,0,,999,999,999,122,243,106,88,8,102,92,0,0,0,0,,530,757,-33,106,41,45,30,6,21,15
32764193,lentabordur_02x9gofterrakot,Неликвид/Весна - лето / Неликвид,500,-29,Ленты бордюрные садовые,0,0,-6%,666,0,-501,,-6%,0,-501,,0%,-6%,0.0,0,0.0,7476,0,0,0,0,0,0,0,,999,999,999,104,243,100,88,5,80,73,0,0,0,0,,500,666,-29,100,37,45,30,5,20,15
27017656,lentabordur_02x9gofzelN,Неликвид/Весна - лето / Неликвид,604,45,Ленты бордюрные садовые,27180,0,7%,755,0,-605,,7%,0,-605,,0%,7%,1.5,0,0.0,48075,1,0,0,0,0,0,0,,0,999,999,82,243,121,88,1,80,73,0,0,2010,2010,,604,755,45,121,43,45,30,5,24,15
,,,,,,,,,,,,,,,,,,,,,,,,,,,,,0,,,,,,,0,88,,80,73,,,,,,,,,,,,,5,,
,,,,,,,,,,,,,,,,,,,,,,,,,,,,,0,,,,,,,0,88,,80,73,,,,,,,,,,,,,5,,
27518882,vkladavto,Неликвид,354,79,Защитные сидушки детские,0,,22%,506,0,-355,,22%,323,-32,36%,-36%,22%,0.0,0,0.0,0,0,#N/A,#N/A,0,0,0,0,,999,999,999,93,61,60,88,3,80,73,#N/A,#N/A,0,0,,354,506,79,60,22,39,30,5,14,4
,,,,,,,,,,,,,,,,,,,,,,,,,,,,,0,,,,,,,0,88,,80,73,,,,,,,,,,,,,5,,
,,,,,,,,,,,,,,,,,,,,,,,,,,,,,0,,,,,,,0,88,,80,73,,,,,,,,,,,,,5,,
,,,,,,,,,,,,,,,,,,,,,,,,,,,,,0,,,,,,,0,88,,80,73,,,,,,,,,,,,,5,,
,,,,,,,,,,,,,,,,,,,,,,,,,,,,,0,,,,,,,0,88,,80,73,,,,,,,,,,,,,5,,
119807257,gorshok_alisa2,Актив,355,26,Кашпо,69864,10374,7%,374,375,19,29%,-22%,0,-356,,29%,7%,6.6,1,0.2,0,7,4459,49,0,0,65,7,17,17,114,49,67,91,60,88,2,80,105,2914,2914,5030,5030,,355,374,26,60,44,120,30,5,14,5
101920673,gorshok_adel4N,Актив/Актив / Внесезонные,687,136,Кашпо,600369,98769,20%,687,555,-133,12%,7%,528,-160,8%,4%,20%,29.1,3,0.1,0,25,78840,360,0,0,91,12,15,15,150,120,72,219,117,88,3,80,224,61183,61183,118553,118553,,687,687,136,117,61,120,30,5,27,13
27017657,lentabordur_15x9gofzelN,Неликвид/Весна - лето / Неликвид,462,-2,Ленты бордюрные садовые,0,0,0%,616,0,-463,,0%,0,-463,,0%,0%,0.0,0,0.0,9673,0,0,0,0,0,0,0,,999,999,999,96,185,92,88,3,80,73,0,0,0,0,,462,616,-2,92,43,45,30,5,18,11
35920239,kryshka_konserv50,Актив/Осень / Сезонные,475,51,Крышки для банок,0,,11%,678,0,-476,,11%,379,-97,4%,-4%,11%,0.0,0,0.0,-1733,0,#N/A,#N/A,0,0,0,0,,999,999,999,46,168,90,88,1,80,73,#N/A,#N/A,0,0,,475,678,51,90,22,39,30,5,19,10
,,,,,,,,,,,,,,,,,,,,,,,,,,,,,0,,,,,,,0,88,,80,73,,,,,,,,,,,,,5,,
14784117,DK-023,Неликвид,652,85,Колышки садовые,30318,12900,13%,1144,263,-390,-85%,98%,251,-402,-93%,8%,13%,1.6,1,0.4,183154,30,12900,60,0,0,0,39,39,39,90,90,60,215,130,88,6,84,727,5086,5086,3941,3941,,652,1144,85,130,64,45,30,5,26,13
,,,,,,,,,,,,,,,,,,,,,,,,,,,,,0,,,,,,,0,88,,80,73,,,,,,,,,,,,,5,,
,,,,,,,,,,,,,,,,,,,,,,,,,,,,,0,,,,,,,0,88,,80,73,,,,,,,,,,,,,5,,
,,,,,,,,,,,,,,,,,,,,,,,,,,,,,0,,,,,,,0,88,,80,73,,,,,,,,,,,,,5,,
,,,,,,,,,,,,,,,,,,,,,,,,,,,,,0,,,,,,,0,88,,80,73,,,,,,,,,,,,,5,,
27025901,mediator_6N,Неликвид,196,-28,Медиаторы,89670,693,-14%,245,217,20,26%,-40%,198,1,20%,6%,-14%,15.3,11,0.7,35399,19,89,4,0,0,27,0,2,2,3,0,72,22,39,88,0,80,368,-858,-858,-12665,-12665,,196,245,-28,39,39,45,30,5,8,1
28137281,melki13,Неликвид,259,6,Мелки,0,,2%,370,218,-42,19%,-17%,214,-46,18%,1%,2%,0.0,0,0.0,-1040,0,#N/A,#N/A,0,0,0,0,,999,999,999,57,63,39,88,0,80,73,#N/A,#N/A,0,0,,259,370,6,39,22,45,30,5,10,4
,,,,,,,,,,,,,,,,,,,,,,,,,,,,,0,,,,,,,0,88,,80,73,,,,,,,,,,,,,5,,
,,,,,,,,,,,,,,,,,,,,,,,,,,,,,0,,,,,,,0,88,,80,73,,,,,,,,,,,,,5,,
,,,,,,,,,,,,,,,,,,,,,,,,,,,,,0,,,,,,,0,88,,80,73,,,,,,,,,,,,,5,,
,,,,,,,,,,,,,,,,,,,,,,,,,,,,,0,,,,,,,0,88,,80,73,,,,,,,,,,,,,5,,
,,,,,,,,,,,,,,,,,,,,,,,,,,,,,0,,,,,,,0,88,,80,73,,,,,,,,,,,,,5,,
,,,,,,,,,,,,,,,,,,,,,,,,,,,,,0,,,,,,,0,88,,80,73,,,,,,,,,,,,,5,,
,,,,,,,,,,,,,,,,,,,,,,,,,,,,,0,,,,,,,0,88,,80,73,,,,,,,,,,,,,5,,
,,,,,,,,,,,,,,,,,,,,,,,,,,,,,0,,,,,,,0,88,,80,73,,,,,,,,,,,,,5,,
25757462,parnik45_5dug_35N,Неликвид/Весна - лето / Неликвид,672,-498,Парники,11088,0,-74%,960,673,0,-32%,-42%,0,-673,,-32%,-74%,0.6,0,0.0,8178,7,0,0,0,0,0,0,,0,999,999,163,539,134,88,39,323,294,0,0,-8213,-8213,,672,960,-498,134,64,150,30,20,27,32
,,,,,,,,,,,,,,,,,,,,,,,,,,,,,0,,,,,,,0,88,,80,73,,,,,,,,,,,,,5,,
,,,,,,,,,,,,,,,,,,,,,,,,,,,,,0,,,,,,,0,88,,80,73,,,,,,,,,,,,,5,,
,,,,,,,,,,,,,,,,,,,,,,,,,,,,,0,,,,,,,0,88,,80,73,,,,,,,,,,,,,5,,
,,,,,,,,,,,,,,,,,,,,,,,,,,,,,0,,,,,,,0,88,,80,73,,,,,,,,,,,,,5,,
,,,,,,,,,,,,,,,,,,,,,,,,,,,,,0,,,,,,,0,88,,80,73,,,,,,,,,,,,,5,,
,,,,,,,,,,,,,,,,,,,,,,,,,,,,,0,,,,,,,0,88,,80,73,,,,,,,,,,,,,5,,
,,,,,,,,,,,,,,,,,,,,,,,,,,,,,0,,,,,,,0,88,,80,73,,,,,,,,,,,,,5,,
,,,,,,,,,,,,,,,,,,,,,,,,,,,,,0,,,,,,,0,88,,80,73,,,,,,,,,,,,,5,,
,,,,,,,,,,,,,,,,,,,,,,,,,,,,,0,,,,,,,0,88,,80,73,,,,,,,,,,,,,5,,
,,,,,,,,,,,,,,,,,,,,,,,,,,,,,0,,,,,,,0,88,,80,73,,,,,,,,,,,,,5,,
,,,,,,,,,,,,,,,,,,,,,,,,,,,,,0,,,,,,,0,88,,80,73,,,,,,,,,,,,,5,,
,,,,,,,,,,,,,,,,,,,,,,,,,,,,,0,,,,,,,0,88,,80,73,,,,,,,,,,,,,5,,
,,,,,,,,,,,,,,,,,,,,,,,,,,,,,0,,,,,,,0,88,,80,73,,,,,,,,,,,,,5,,
,,,,,,,,,,,,,,,,,,,,,,,,,,,,,0,,,,,,,0,88,,80,73,,,,,,,,,,,,,5,,
,,,,,,,,,,,,,,,,,,,,,,,,,,,,,0,,,,,,,0,88,,80,73,,,,,,,,,,,,,5,,
,,,,,,,,,,,,,,,,,,,,,,,,,,,,,0,,,,,,,0,88,,80,73,,,,,,,,,,,,,5,,
,,,,,,,,,,,,,,,,,,,,,,,,,,,,,0,,,,,,,0,88,,80,73,,,,,,,,,,,,,5,,
,,,,,,,,,,,,,,,,,,,,,,,,,,,,,0,,,,,,,0,88,,80,73,,,,,,,,,,,,,5,,
,,,,,,,,,,,,,,,,,,,,,,,,,,,,,0,,,,,,,0,88,,80,73,,,,,,,,,,,,,5,,
,,,,,,,,,,,,,,,,,,,,,,,,,,,,,0,,,,,,,0,88,,80,73,,,,,,,,,,,,,5,,
88164731,striniakkAS109_latyn,Актив/Проблемы с поставками / Дефицит,603,95,Струны,157926,49473,16%,862,632,28,26%,-10%,577,-27,19%,6%,16%,8.7,2,0.3,0,13,7452,0,36,0,239,0,27,27,103,0,57,207,121,88,0,80,109,22640,22640,24810,24810,,603,862,95,121,30,45,30,5,24,12
111586004,gorshok_adel3N,Актив,777,231,Кашпо,175991,97912,30%,801,448,-330,-5%,35%,432,-346,-9%,4%,30%,7.6,1,0.1,0,30,27688,138,0,0,350,18,65,65,728,206,72,201,132,88,3,80,249,112543,112543,52236,52236,,777,801,231,132,56,120,30,5,31,12
14337921,mulchakrug30_5kor,Неликвид,663,107,Укрывной материал для растений,74588,1757,16%,780,0,-664,,16%,0,-664,,0%,16%,3.8,0,0.1,90709,9,1757,7,0,0,0,2,2,2,21,21,57,251,113,88,2,80,60,749,749,12038,12038,,663,780,107,113,36,39,30,5,27,15
46138438,mulchakrug40_10kor,Актив/Весна - Лето (март-октябрь),1416,245,Укрывной материал для растений,204329,126144,17%,1666,1014,-403,-4%,21%,932,-485,-12%,9%,17%,4.8,1,0.2,2435,30,74304,129,0,0,90,27,46,46,219,129,129,576,241,88,13,136,156,53753,53753,35418,35418,,1416,1666,245,241,88,39,30,8,57,35
,,,,,,,,,,,,,,,,,,,,,,,,,,,,,0,,,,,,,0,88,,80,73,,,,,,,,,,,,,5,,
28224892,kolysh_prov100,Актив/Весна - Лето (март-октябрь),998,176,Колышки садовые,13473,69201,18%,1426,499,-500,-48%,65%,456,-543,-61%,13%,18%,0.5,0,0.0,11034,30,68831,186,0,0,1,413,416,416,999,999,46,370,200,88,8,98,89,32985,32985,2381,2381,,998,1426,176,200,56,45,30,6,40,22
28749679,korzinaluk_d30h74_3,Неликвид,571,111,Сажалки,18843,,19%,816,391,-181,-2%,22%,367,-205,-8%,6%,19%,1.1,0,0.0,133694,0,#N/A,#N/A,0,0,0,0,,999,999,999,57,135,114,88,1,80,46,#N/A,#N/A,3657,3657,,571,816,111,114,66,39,30,5,23,8
66554804,parnik_dachnik6N,Неликвид,1110,-71,Парники,14985,17100,-6%,1586,412,-699,-107%,101%,380,-731,-124%,17%,-6%,0.5,0,0.0,0,30,17100,38,0,0,0,84,84,84,999,999,109,450,222,88,39,326,297,-2686,-2686,-954,-954,,1110,1586,-71,222,61,150,30,21,44,27
,,,,,,,,,,,,,,,,,,,,,,,,,,,,,0,,,,,,,0,88,,80,73,,,,,,,,,,,,,5,,
,,,,,,,,,,,,,,,,,,,,,,,,,,,,,0,,,,,,,0,88,,80,73,,,,,,,,,,,,,5,,
,,,,,,,,,,,,,,,,,,,,,,,,,,,,,0,,,,,,,0,88,,80,73,,,,,,,,,,,,,5,,
26989844,struna_redstarN,Актив/Проблемы с поставками / Дефицит,354,5,Струны,136361,13566,1%,505,0,-355,,1%,356,1,18%,-18%,1%,12.8,3,0.2,15862,20,1710,0,15,0,119,0,9,9,45,0,72,114,71,88,1,80,151,615,615,1991,1991,,354,505,5,71,29,45,30,5,14,7
26994081,lentabordur_10x9gofkorN,Неликвид/Весна - лето / Неликвид,378,5,Ленты бордюрные садовые,19391,0,1%,540,0,-379,,1%,286,-93,-8%,8%,1%,1.7,0,0.2,19996,9,0,0,0,0,0,0,,0,0,0,57,125,76,88,2,80,66,0,0,253,253,,378,540,5,76,35,45,30,5,15,8
,,,,,,,,,,,,,,,,,,,,,,,,,,,,,0,,,,,,,0,88,,80,73,,,,,,,,,,,,,5,,
63714572,ydobrenie_mikoriza,Неликвид,259,-46,Удобрения для открытого грунта,1010,,-18%,370,162,-98,-45%,27%,177,-83,-33%,-11%,-18%,0.1,0,2.5,0,0,#N/A,#N/A,0,0,0,0,,999,999,999,82,85,52,88,1,80,73,#N/A,#N/A,-181,-181,,259,370,-46,52,39,45,30,5,10,5
,,,,,,,,,,,,,,,,,,,,,,,,,,,,,0,,,,,,,0,88,,80,73,,,,,,,,,,,,,5,,
27017831,korzinaluk_d30h74_5N,Неликвид/Весна - лето / Неликвид,640,11,Сажалки,66816,49974,2%,800,520,-121,-8%,10%,496,-145,-13%,5%,2%,3.5,1,0.2,26751,30,49750,222,0,0,1,64,64,64,333,331,48,224,128,88,7,96,909,2396,2396,1122,1122,,640,800,11,128,107,39,30,6,26,13
22926873,mulchanekura1_3,Актив/Весна - Лето (март-октябрь),1222,-104,Укрывной материал для растений,341671,0,-9%,1438,0,-1223,,-9%,0,-1223,,0%,-9%,9.3,0,0.0,149593,0,0,0,0,0,0,0,,0,999,999,168,639,208,88,26,229,167,0,0,-29129,-29129,,1222,1438,-104,208,119,39,30,14,49,38
18653467,mulchanekura1_5,Неликвид,3120,572,Укрывной материал для растений,142272,31680,18%,3670,1516,-1605,-24%,42%,1541,-1580,-22%,-2%,18%,1.5,0,0.0,350899,3,30690,1,30,0,31,1,21,21,999,999,490,990,530,88,84,653,1498,18294,18294,26068,26068,,3120,3670,572,530,119,39,30,42,125,59
28687799,muka_kost_2ZZZ,Неликвид,773,128,Удобрения для открытого грунта,0,,17%,1104,0,-774,,17%,618,-156,3%,-3%,17%,0.0,0,0.0,4189,0,#N/A,#N/A,0,0,0,0,,999,999,999,6,304,155,88,1,80,73,#N/A,#N/A,0,0,,773,1104,128,155,22,45,30,5,31,18
28759626,korzinaluk_kvadrat_zel_5,Неликвид/Весна - лето / Неликвид,428,-74,Сажалки,126346,53046,-17%,612,0,-429,,-17%,432,3,-3%,3%,-17%,9.8,6,0.6,264181,30,51705,270,0,0,7,27,28,28,49,48,77,192,86,88,6,85,1124,-20584,-20584,-21937,-21937,,428,612,-74,86,77,39,30,5,17,11
,,,,,,,,,,,,,,,,,,,,,,,,,,,,,0,,,,,,,0,88,,80,73,,,,,,,,,,,,,5,,
,,,,,,,,,,,,,,,,,,,,,,,,,,,,,0,,,,,,,0,88,,80,73,,,,,,,,,,,,,5,,
66547735,agrotkan11_5_zel,Неликвид,286,-185,Укрывной материал для растений,343,0,-65%,409,300,13,-34%,-30%,290,3,-39%,4%,-65%,0.0,0,0.0,0,13,0,0,0,0,0,0,,0,999,999,57,243,49,88,4,80,58,0,0,-222,-222,,286,409,-185,49,39,39,30,5,11,15
,,,,,,,,,,,,,,,,,,,,,,,,,,,,,0,,,,,,,0,88,,80,73,,,,,,,,,,,,,5,,
,,,,,,,,,,,,,,,,,,,,,,,,,,,,,0,,,,,,,0,88,,80,73,,,,,,,,,,,,,5,,
115775638,nabor_kaktusN,Актив,425,-48,Кашпо,50490,26245,-11%,607,468,42,12%,-23%,429,3,5%,7%,-11%,4.0,2,0.6,0,17,13630,94,0,0,87,24,46,46,78,40,57,145,72,88,2,80,217,-8666,-8666,-5688,-5688,,425,607,-48,72,116,120,30,5,17,9
,,,,,,,,,,,,,,,,,,,,,,,,,,,,,0,,,,,,,0,88,,80,73,,,,,,,,,,,,,5,,
,,,,,,,,,,,,,,,,,,,,,,,,,,,,,0,,,,,,,0,88,,80,73,,,,,,,,,,,,,5,,
,,,,,,,,,,,,,,,,,,,,,,,,,,,,,0,,,,,,,0,88,,80,73,,,,,,,,,,,,,5,,
,,,,,,,,,,,,,,,,,,,,,,,,,,,,,0,,,,,,,0,88,,80,73,,,,,,,,,,,,,5,,
,,,,,,,,,,,,,,,,,,,,,,,,,,,,,0,,,,,,,0,88,,80,73,,,,,,,,,,,,,5,,
28752822,karbamid_mochevina_25,Неликвид,496,-39,Удобрения для открытого грунта,10565,,-8%,708,0,-497,,-8%,396,-101,-18%,18%,-8%,0.7,0,0.0,6879,0,#N/A,#N/A,0,0,0,0,,999,999,999,84,238,99,88,7,91,83,#N/A,#N/A,-839,-839,,496,708,-39,99,37,45,30,5,20,14
27836481,krotolovka,Неликвид,321,-70,Защита от грызунов,0,,-22%,458,0,-322,,-22%,0,-322,,0%,-22%,0.0,0,0.0,338,0,#N/A,#N/A,0,0,0,0,,999,999,999,45,177,55,88,0,80,73,#N/A,#N/A,0,0,,321,458,-70,55,22,30,30,5,13,11
,,,,,,,,,,,,,,,,,,,,,,,,,,,,,0,,,,,,,0,88,,80,73,,,,,,,,,,,,,5,,
,,,,,,,,,,,,,,,,,,,,,,,,,,,,,0,,,,,,,0,88,,80,73,,,,,,,,,,,,,5,,
,,,,,,,,,,,,,,,,,,,,,,,,,,,,,0,,,,,,,0,88,,80,73,,,,,,,,,,,,,5,,
,,,,,,,,,,,,,,,,,,,,,,,,,,,,,0,,,,,,,0,88,,80,73,,,,,,,,,,,,,5,,
,,,,,,,,,,,,,,,,,,,,,,,,,,,,,0,,,,,,,0,88,,80,73,,,,,,,,,,,,,5,,
13767593,agrotkan11_10,Неликвид/Март / Сезонные,641,-1,Укрывной материал для растений,249990,815,0%,916,0,-642,,0%,0,-642,,0%,0%,13.0,0,0.0,188581,2,0,0,0,0,3,0,0,0,999,999,37,272,109,88,14,143,130,-3,-3,-339,-339,,641,916,-1,109,37,39,30,9,26,16
,,,,,,,,,,,,,,,,,,,,,,,,,,,,,0,,,,,,,0,88,,80,73,,,,,,,,,,,,,5,,
,,,,,,,,,,,,,,,,,,,,,,,,,,,,,0,,,,,,,0,88,,80,73,,,,,,,,,,,,,5,,
,,,,,,,,,,,,,,,,,,,,,,,,,,,,,0,,,,,,,0,88,,80,73,,,,,,,,,,,,,5,,
13888939,naborkonserv,Неликвид/Весна - лето / Неликвид,422,66,Стерилизаторы для банок,25700,4838,16%,603,215,-208,-31%,47%,223,-200,-27%,-4%,16%,2.0,1,0.5,130191,30,4838,48,0,0,0,24,24,24,48,48,87,101,80,88,3,80,163,3181,3181,4035,4035,,422,603,66,80,37,39,30,5,17,6
17635364,klipsa_25_100,Неликвид/Весна - лето / Неликвид,306,-18,Ленты для растений,13954,13411,-6%,437,135,-172,-84%,78%,126,-181,-97%,12%,-6%,1.5,0,0.0,227039,30,13411,139,0,0,0,91,91,91,999,999,72,96,61,88,1,80,63,-2535,-2535,-832,-832,,306,437,-18,61,34,39,30,5,12,6
,,,,,,,,,,,,,,,,,,,,,,,,,,,,,0,,,,,,,0,88,,80,73,,,,,,,,,,,,,5,,
,,,,,,,,,,,,,,,,,,,,,,,,,,,,,0,,,,,,,0,88,,80,73,,,,,,,,,,,,,5,,
,,,,,,,,,,,,,,,,,,,,,,,,,,,,,0,,,,,,,0,88,,80,73,,,,,,,,,,,,,5,,
,,,,,,,,,,,,,,,,,,,,,,,,,,,,,0,,,,,,,0,88,,80,73,,,,,,,,,,,,,5,,
22927820,mulchanekura2_15,Актив/Весна - Лето (март-октябрь),603,208,Укрывной материал для растений,62953,8736,34%,709,218,-386,-42%,76%,226,-378,-37%,-5%,34%,3.5,0,0.0,73521,30,8736,84,0,0,0,24,24,24,999,999,73,104,103,88,5,81,88,17461,17461,21702,21702,,603,709,208,103,43,39,30,5,24,6
,,,,,,,,,,,,,,,,,,,,,,,,,,,,,0,,,,,,,0,88,,80,73,,,,,,,,,,,,,5,,
,,,,,,,,,,,,,,,,,,,,,,,,,,,,,0,,,,,,,0,88,,80,73,,,,,,,,,,,,,5,,
,,,,,,,,,,,,,,,,,,,,,,,,,,,,,0,,,,,,,0,88,,80,73,,,,,,,,,,,,,5,,
,,,,,,,,,,,,,,,,,,,,,,,,,,,,,0,,,,,,,0,88,,80,73,,,,,,,,,,,,,5,,
,,,,,,,,,,,,,,,,,,,,,,,,,,,,,0,,,,,,,0,88,,80,73,,,,,,,,,,,,,5,,
,,,,,,,,,,,,,,,,,,,,,,,,,,,,,0,,,,,,,0,88,,80,73,,,,,,,,,,,,,5,,
27018993,nozhniciprepelN,Актив/Актив / Внесезонные,223,-21,Ножницы кухонные,34320,53251,-10%,319,214,-10,17%,-26%,225,1,20%,-4%,-10%,5.1,5,0.9,62389,30,40399,855,0,0,272,167,220,220,241,183,72,47,42,88,0,80,252,-24123,-24123,-3294,-3294,,223,319,-21,42,29,30,30,5,9,3
88155080,struniklasNS128_neilon,Актив/Проблемы с поставками / Дефицит,384,-10,Струны,90317,3150,-3%,549,423,38,19%,-21%,389,4,12%,6%,-3%,7.8,3,0.3,0,30,3150,21,0,0,0,3,3,3,8,8,72,150,77,88,0,80,145,-214,-214,-2397,-2397,,384,549,-10,77,29,45,30,5,15,9
,,,,,,,,,,,,,,,,,,,,,,,,,,,,,0,,,,,,,0,88,,80,73,,,,,,,,,,,,,5,,
14862506,orehnin4l,Неликвид/Весна - лето / Неликвид,200,-79,Грунты для растений,5760,0,-39%,286,201,0,-3%,-36%,0,-201,,-3%,-39%,1.0,0,0.0,44864,10,0,0,0,0,0,0,,0,999,999,72,71,34,88,1,80,285,0,0,-2265,-2265,,200,286,-79,34,47,120,30,5,8,4
38073883,struni11_52,Актив/Спрос с сентября / Внесезонные,392,16,Струны,801209,18878,4%,560,394,1,18%,-14%,358,-35,11%,7%,4%,68.1,1,0.0,262009,24,0,0,0,1000,138,0,17,2,206,0,72,137,78,88,0,80,235,2275,2275,33688,33688,,392,560,16,78,22,45,30,5,16,8
,,,,,,,,,,,,,,,,,,,,,,,,,,,,,0,,,,,,,0,88,,80,73,,,,,,,,,,,,,5,,
26994080,lentabordur_10x9gofchernN,Неликвид/Весна - лето / Неликвид,361,-6,Ленты бордюрные садовые,0,0,-2%,515,0,-362,,-2%,0,-362,,0%,-2%,0.0,0,0.0,10510,0,0,0,0,0,0,0,,999,999,999,113,125,72,88,2,80,73,0,0,0,0,,361,515,-6,72,33,45,30,5,14,8
26998059,miski_350mlXXX,Неликвид,318,-105,Миски для животных,286,,-33%,454,415,96,13%,-46%,408,89,11%,1%,-33%,0.0,0,0.0,10794,0,#N/A,#N/A,0,0,0,0,,999,999,999,40,207,54,88,3,80,73,#N/A,#N/A,-94,-94,,318,454,-105,54,22,39,30,5,13,12
,,,,,,,,,,,,,,,,,,,,,,,,,,,,,0,,,,,,,0,88,,80,73,,,,,,,,,,,,,5,,
,,,,,,,,,,,,,,,,,,,,,,,,,,,,,0,,,,,,,0,88,,80,73,,,,,,,,,,,,,5,,
,,,,,,,,,,,,,,,,,,,,,,,,,,,,,0,,,,,,,0,88,,80,73,,,,,,,,,,,,,5,,
,,,,,,,,,,,,,,,,,,,,,,,,,,,,,0,,,,,,,0,88,,80,73,,,,,,,,,,,,,5,,
,,,,,,,,,,,,,,,,,,,,,,,,,,,,,0,,,,,,,0,88,,80,73,,,,,,,,,,,,,5,,
66329083,DK-023_2,Неликвид/Весна - лето / Неликвид,578,-210,Колышки садовые,86700,0,-36%,825,528,-51,-40%,3%,0,-579,,-40%,-36%,5.0,0,0.1,0,0,0,0,0,0,0,0,,0,0,0,76,430,116,88,6,84,77,0,0,-31557,-31557,,578,825,-210,116,75,45,30,5,23,26
,,,,,,,,,,,,,,,,,,,,,,,,,,,,,0,,,,,,,0,88,,80,73,,,,,,,,,,,,,5,,
,,,,,,,,,,,,,,,,,,,,,,,,,,,,,0,,,,,,,0,88,,80,73,,,,,,,,,,,,,5,,
14356936,pelmen5smkor,Актив,581,112,Пельменницы,290210,9388,19%,894,398,-184,-2%,21%,384,-198,-5%,3%,19%,16.7,10,0.6,161274,30,2065,11,0,308,39,1,22,3,5,1,72,188,110,88,0,80,236,5596,5596,55901,55901,,581,894,112,110,22,39,30,5,23,11
14356937,pelmen6smkor,Неликвид,388,-82,Пельменницы,216388,3870,-21%,681,389,0,-6%,-15%,306,-83,-32%,26%,-21%,18.6,0,0.0,164812,16,0,0,0,0,18,0,1,1,999,999,72,215,74,88,0,80,226,-1477,-1477,-45770,-45770,,388,681,-82,74,39,39,30,5,16,13
,,,,,,,,,,,,,,,,,,,,,,,,,,,,,0,,,,,,,0,88,,80,73,,,,,,,,,,,,,5,,
15075928,zagimbel,Актив/Актив / Внесезонные,205,-86,Держатели для простыни,295569,58771,-42%,293,223,17,-1%,-41%,208,2,-8%,7%,-42%,48.1,30,0.6,38022,30,58771,580,0,0,0,12,12,12,19,19,57,101,39,88,0,80,170,-49874,-49874,-123980,-123980,,205,293,-86,39,22,39,30,5,8,6
,,,,,,,,,,,,,,,,,,,,,,,,,,,,,0,,,,,,,0,88,,80,73,,,,,,,,,,,,,5,,
,,,,,,,,,,,,,,,,,,,,,,,,,,,,,0,,,,,,,0,88,,80,73,,,,,,,,,,,,,5,,
72689043,perlit_20lN,Неликвид/Весна - лето / Неликвид,602,102,Дренажи,18060,0,17%,860,0,-603,,17%,0,-603,,0%,17%,1.0,0,0.0,0,1,0,0,0,0,0,0,,0,999,999,46,134,102,88,7,97,88,0,0,3057,3057,,602,860,102,102,99,45,30,6,24,8
,,,,,,,,,,,,,,,,,,,,,,,,,,,,,0,,,,,,,0,88,,80,73,,,,,,,,,,,,,5,,
,,,,,,,,,,,,,,,,,,,,,,,,,,,,,0,,,,,,,0,88,,80,73,,,,,,,,,,,,,5,,
,,,,,,,,,,,,,,,,,,,,,,,,,,,,,0,,,,,,,0,88,,80,73,,,,,,,,,,,,,5,,
,,,,,,,,,,,,,,,,,,,,,,,,,,,,,0,,,,,,,0,88,,80,73,,,,,,,,,,,,,5,,
,,,,,,,,,,,,,,,,,,,,,,,,,,,,,0,,,,,,,0,88,,80,73,,,,,,,,,,,,,5,,
,,,,,,,,,,,,,,,,,,,,,,,,,,,,,0,,,,,,,0,88,,80,73,,,,,,,,,,,,,5,,
,,,,,,,,,,,,,,,,,,,,,,,,,,,,,0,,,,,,,0,88,,80,73,,,,,,,,,,,,,5,,
,,,,,,,,,,,,,,,,,,,,,,,,,,,,,0,,,,,,,0,88,,80,73,,,,,,,,,,,,,5,,
,,,,,,,,,,,,,,,,,,,,,,,,,,,,,0,,,,,,,0,88,,80,73,,,,,,,,,,,,,5,,
,,,,,,,,,,,,,,,,,,,,,,,,,,,,,0,,,,,,,0,88,,80,73,,,,,,,,,,,,,5,,
,,,,,,,,,,,,,,,,,,,,,,,,,,,,,0,,,,,,,0,88,,80,73,,,,,,,,,,,,,5,,
,,,,,,,,,,,,,,,,,,,,,,,,,,,,,0,,,,,,,0,88,,80,73,,,,,,,,,,,,,5,,
,,,,,,,,,,,,,,,,,,,,,,,,,,,,,0,,,,,,,0,88,,80,73,,,,,,,,,,,,,5,,
,,,,,,,,,,,,,,,,,,,,,,,,,,,,,0,,,,,,,0,88,,80,73,,,,,,,,,,,,,5,,
,,,,,,,,,,,,,,,,,,,,,,,,,,,,,0,,,,,,,0,88,,80,73,,,,,,,,,,,,,5,,
,,,,,,,,,,,,,,,,,,,,,,,,,,,,,0,,,,,,,0,88,,80,73,,,,,,,,,,,,,5,,
,,,,,,,,,,,,,,,,,,,,,,,,,,,,,0,,,,,,,0,88,,80,73,,,,,,,,,,,,,5,,
28766504,podkormka_zvet30,Актив,603,120,Удобрения для комнатных растений,0,0,20%,861,0,-604,,20%,0,-604,,0%,20%,0.0,0,0.0,30043,0,0,0,0,0,0,0,,999,999,999,82,191,121,88,1,80,73,0,0,0,0,,603,861,120,121,22,45,30,5,24,11
,,,,,,,,,,,,,,,,,,,,,,,,,,,,,0,,,,,,,0,88,,80,73,,,,,,,,,,,,,5,,
88154339,struniakk_AS210_med,Актив,636,166,Струны,184504,53792,26%,908,576,-61,26%,0%,0,-637,,26%,26%,9.7,4,0.4,0,2,12136,0,74,0,328,0,34,34,82,0,42,164,127,88,0,80,115,54609,54609,48299,48299,,636,908,166,127,29,45,30,5,25,10
28105870,cliny,Неликвид,605,61,Пасты для животных,49187,17360,10%,1009,444,-162,-7%,17%,423,-183,-12%,5%,10%,2.7,0,0.1,55438,30,17360,70,0,0,0,26,26,26,212,212,57,248,103,88,1,80,106,4273,4273,4963,4963,,605,1009,61,103,40,39,30,5,24,15
,,,,,,,,,,,,,,,,,,,,,,,,,,,,,0,,,,,,,0,88,,80,73,,,,,,,,,,,,,5,,
,,,,,,,,,,,,,,,,,,,,,,,,,,,,,0,,,,,,,0,88,,80,73,,,,,,,,,,,,,5,,
,,,,,,,,,,,,,,,,,,,,,,,,,,,,,0,,,,,,,0,88,,80,73,,,,,,,,,,,,,5,,
,,,,,,,,,,,,,,,,,,,,,,,,,,,,,0,,,,,,,0,88,,80,73,,,,,,,,,,,,,5,,
111550917,podstavkashar13_2,Актив,811,169,Подставки для воздушных шаров,149873,43422,21%,1159,658,-154,12%,9%,602,-210,5%,8%,21%,6.2,1,0.2,0,30,30161,116,0,800,51,19,157,27,167,116,72,260,138,88,3,80,238,28265,28265,31277,31277,,811,1159,169,138,81,39,30,5,32,16
26990831,monokaliyfosfatN,Неликвид/Весна - лето / Неликвид,272,-83,Удобрения для открытого грунта,36557,0,-31%,388,0,-273,,-31%,0,-273,,0%,-31%,4.5,0,0.0,54384,8,0,0,0,0,0,0,,0,999,999,72,145,54,88,1,80,114,0,0,-11196,-11196,,272,388,-83,54,22,45,30,5,11,9
,,,,,,,,,,,,,,,,,,,,,,,,,,,,,0,,,,,,,0,88,,80,73,,,,,,,,,,,,,5,,
,,,,,,,,,,,,,,,,,,,,,,,,,,,,,0,,,,,,,0,88,,80,73,,,,,,,,,,,,,5,,
26987272,vedro15N,Неликвид,771,-24,Ведра садовые,4626,,-3%,1102,0,-772,,-3%,617,-155,9%,-9%,-3%,0.2,0,0.0,4845,0,#N/A,#N/A,0,0,0,0,,999,999,999,205,254,154,88,31,266,242,#N/A,#N/A,-142,-142,,771,1102,-24,154,28,120,30,17,31,15
,,,,,,,,,,,,,,,,,,,,,,,,,,,,,0,,,,,,,0,88,,80,73,,,,,,,,,,,,,5,,
,,,,,,,,,,,,,,,,,,,,,,,,,,,,,0,,,,,,,0,88,,80,73,,,,,,,,,,,,,5,,
15075927,zagimbeg,Неликвид,408,81,Держатели для простыни,43085,44974,20%,627,188,-221,-33%,53%,188,-221,-33%,0%,20%,3.5,1,0.2,22084,30,44974,494,0,0,0,140,140,140,737,737,57,91,78,88,0,80,203,40126,40126,8578,8578,,408,627,81,78,22,39,30,5,16,5
26759878,parnik35_4dug_35N,Неликвид,547,-556,Парники,12143,,-102%,782,498,-50,-62%,-39%,453,-95,-77%,15%,-102%,0.7,0,0.0,3430,0,#N/A,#N/A,0,0,0,0,,999,999,999,312,406,109,88,39,326,297,#N/A,#N/A,-12348,-12348,,547,782,-556,109,165,150,30,21,22,24
28224353,miski_500ml,Неликвид,574,17,Миски для животных,2239,3679,3%,820,483,-92,-2%,5%,475,-100,-3%,2%,3%,0.1,0,0.0,-1925,30,3679,13,0,0,0,100,100,100,999,999,80,283,98,88,0,80,73,222,222,66,66,,574,820,17,98,22,39,30,5,23,17
,,,,,,,,,,,,,,,,,,,,,,,,,,,,,0,,,,,,,0,88,,80,73,,,,,,,,,,,,,5,,
15075929,zagimchern,Неликвид,321,14,Держатели для простыни,49691,58084,4%,494,192,-130,-22%,27%,202,-120,-17%,-6%,4%,5.2,1,0.1,30951,30,43062,473,0,0,165,92,124,124,952,706,57,91,61,88,0,80,78,9084,9084,2204,2204,,321,494,14,61,22,39,30,5,13,5
,,,,,,,,,,,,,,,,,,,,,,,,,,,,,0,,,,,,,0,88,,80,73,,,,,,,,,,,,,5,,
,,,,,,,,,,,,,,,,,,,,,,,,,,,,,0,,,,,,,0,88,,80,73,,,,,,,,,,,,,5,,
,,,,,,,,,,,,,,,,,,,,,,,,,,,,,0,,,,,,,0,88,,80,73,,,,,,,,,,,,,5,,
,,,,,,,,,,,,,,,,,,,,,,,,,,,,,0,,,,,,,0,88,,80,73,,,,,,,,,,,,,5,,
14862505,mulchakrug90_5kor,Актив/Весна - Лето (март-октябрь),2275,457,Укрывной материал для растений,211575,41976,20%,2676,1708,-568,1%,19%,1552,-724,-8%,9%,20%,3.1,0,0.0,386445,10,41976,0,44,0,44,0,14,14,999,999,115,954,387,88,16,160,119,20103,20103,42490,42490,,2275,2676,457,387,130,39,30,10,91,57
,,,,,,,,,,,,,,,,,,,,,,,,,,,,,0,,,,,,,0,88,,80,73,,,,,,,,,,,,,5,,
,,,,,,,,,,,,,,,,,,,,,,,,,,,,,0,,,,,,,0,88,,80,73,,,,,,,,,,,,,5,,
,,,,,,,,,,,,,,,,,,,,,,,,,,,,,0,,,,,,,0,88,,80,73,,,,,,,,,,,,,5,,
,,,,,,,,,,,,,,,,,,,,,,,,,,,,,0,,,,,,,0,88,,80,73,,,,,,,,,,,,,5,,
,,,,,,,,,,,,,,,,,,,,,,,,,,,,,0,,,,,,,0,88,,80,73,,,,,,,,,,,,,5,,
,,,,,,,,,,,,,,,,,,,,,,,,,,,,,0,,,,,,,0,88,,80,73,,,,,,,,,,,,,5,,
,,,,,,,,,,,,,,,,,,,,,,,,,,,,,0,,,,,,,0,88,,80,73,,,,,,,,,,,,,5,,
,,,,,,,,,,,,,,,,,,,,,,,,,,,,,0,,,,,,,0,88,,80,73,,,,,,,,,,,,,5,,
,,,,,,,,,,,,,,,,,,,,,,,,,,,,,0,,,,,,,0,88,,80,73,,,,,,,,,,,,,5,,
,,,,,,,,,,,,,,,,,,,,,,,,,,,,,0,,,,,,,0,88,,80,73,,,,,,,,,,,,,5,,
,,,,,,,,,,,,,,,,,,,,,,,,,,,,,0,,,,,,,0,88,,80,73,,,,,,,,,,,,,5,,
,,,,,,,,,,,,,,,,,,,,,,,,,,,,,0,,,,,,,0,88,,80,73,,,,,,,,,,,,,5,,
27009263,dyrokolN,Актив,470,62,Дыроколы,91086,4016,13%,587,499,28,32%,-19%,475,4,29%,3%,13%,6.5,0,0.1,19276,20,161,1,0,500,24,0,81,4,76,3,145,161,71,88,0,80,329,1547,1547,11993,11993,,470,587,62,71,34,39,30,5,19,10
,,,,,,,,,,,,,,,,,,,,,,,,,,,,,0,,,,,,,0,88,,80,73,,,,,,,,,,,,,5,,
,,,,,,,,,,,,,,,,,,,,,,,,,,,,,0,,,,,,,0,88,,80,73,,,,,,,,,,,,,5,,
,,,,,,,,,,,,,,,,,,,,,,,,,,,,,0,,,,,,,0,88,,80,73,,,,,,,,,,,,,5,,
,,,,,,,,,,,,,,,,,,,,,,,,,,,,,0,,,,,,,0,88,,80,73,,,,,,,,,,,,,5,,
27027409,prisoska_10N,Актив/Новинки,190,-24,Присоски для аквариумов,10716,16,-12%,238,205,14,30%,-42%,192,1,26%,4%,-12%,1.9,0,0.0,90550,13,0,0,0,300,1,0,,1,999,999,72,16,32,88,2,80,278,-24,-24,-1326,-1326,,190,238,-24,32,42,30,30,5,8,1
27017660,privodteplic22_26ZZZ,Неликвид/Весна - лето / Неликвид,1695,-74,Термоприводы для теплиц,0,5780,-4%,2421,1428,-268,-24%,19%,1404,-292,-26%,2%,-4%,0.0,0,0.0,12738,30,5780,5,0,0,0,0,,999,999,999,156,1156,339,88,1,80,73,-368,-368,0,0,,1695,2421,-74,339,22,120,30,5,68,69
,,,,,,,,,,,,,,,,,,,,,,,,,,,,,0,,,,,,,0,88,,80,73,,,,,,,,,,,,,5,,
,,,,,,,,,,,,,,,,,,,,,,,,,,,,,0,,,,,,,0,88,,80,73,,,,,,,,,,,,,5,,
,,,,,,,,,,,,,,,,,,,,,,,,,,,,,0,,,,,,,0,88,,80,73,,,,,,,,,,,,,5,,
30046733,chatala_d36_2,Неликвид,349,27,Опоры для растений,12145,3633,8%,498,149,-201,-65%,73%,139,-211,-76%,11%,8%,1.2,0,0.0,5776,30,3633,43,0,0,0,37,37,37,999,999,72,84,70,88,0,80,136,1168,1168,945,945,,349,498,27,70,34,120,30,5,14,5
,,,,,,,,,,,,,,,,,,,,,,,,,,,,,0,,,,,,,0,88,,80,73,,,,,,,,,,,,,5,,
112370878,karbamid_mochevina5kg,Неликвид,974,-26,Удобрения для открытого грунта,0,500,-3%,1392,0,-975,,-3%,0,-975,,0%,-3%,0.0,0,0.0,0,0,0,0,0,0,1,0,,999,999,999,33,500,195,88,7,91,83,-26,-26,0,0,,974,1392,-26,195,110,45,30,5,39,30
,,,,,,,,,,,,,,,,,,,,,,,,,,,,,0,,,,,,,0,88,,80,73,,,,,,,,,,,,,5,,
34129587,kartoshka_5kg,Неликвид/Март / Сезонные,391,-183,Удобрения для открытого грунта,64515,250,-47%,559,392,0,-21%,-25%,0,-392,,-21%,-47%,5.5,0,0.0,7215,1,0,0,0,0,1,0,,0,999,999,93,250,78,88,11,125,1205,-183,-183,-30190,-30190,,391,559,-183,78,53,45,30,8,16,15
,,,,,,,,,,,,,,,,,,,,,,,,,,,,,0,,,,,,,0,88,,80,73,,,,,299,,,,,,,,5,,
26993873,kolysh50_10N,Неликвид/Весна - лето / Неликвид,223,-171,Колышки садовые,10236,0,-77%,319,0,-224,,-77%,0,-224,,0%,-77%,1.5,0,0.0,105916,6,0,0,0,0,0,0,,0,999,999,40,177,45,88,2,80,130,0,0,-7852,-7852,,223,319,-171,45,39,45,30,5,9,11
17223177,mulcha075_3,Актив/Весна - Лето (март-октябрь),913,-80,Укрывной материал для растений,20543,2970,-9%,1074,752,-162,-13%,4%,0,-914,,-13%,-9%,0.8,3,3.6,208423,1,0,0,0,0,6,0,8,8,2,0,180,495,155,88,17,166,159,-479,-479,-1798,-1798,,913,1074,-80,155,70,39,30,10,37,30
,,,,,,,,,,,,,,,,,,,,,,,,,,,,,0,,,,,,,0,88,,80,73,,,,,,,,,,,,,5,,
,,,,,,,,,,,,,,,,,,,,,,,,,,,,,0,,,,,,,0,88,,80,73,,,,,,,,,,,,,5,,
34665902,setkazaten55_48,Неликвид/Весна - лето / Неликвид,2251,306,Сетки затеняющие,26337,79360,14%,3216,932,-1320,-74%,87%,868,-1384,-86%,12%,14%,0.4,0,0.0,3689,30,79360,80,0,0,0,205,205,205,999,999,235,992,383,88,36,305,277,24479,24479,3580,3580,,2251,3216,306,383,67,45,30,19,90,60
,,,,,,,,,,,,,,,,,,,,,,,,,,,,,0,,,,,,,0,88,,80,73,,,,,,,,,,,,,5,,
,,,,,,,,,,,,,,,,,,,,,,,,,,,,,0,,,,,,,0,88,,80,73,,,,,,,,,,,,,5,,
,,,,,,,,,,,,,,,,,,,,,,,,,,,,,0,,,,,,,0,88,,80,73,,,,,,,,,,,,,5,,
,,,,,,,,,,,,,,,,,,,,,,,,,,,,,0,,,,,,,0,88,,80,73,,,,,,,,,,,,,5,,
28693500,struna1_stal_3XXX,Неликвид,205,-58,Струны,44034,3516,-28%,293,199,-7,0%,-29%,208,2,4%,-4%,-28%,7.2,5,0.7,8945,24,0,0,0,0,48,0,7,7,10,0,145,73,41,88,0,80,545,-2798,-2798,-12520,-12520,,205,293,-58,41,22,45,30,5,8,4
,,,,,,,,,,,,,,,,,,,,,,,,,,,,,0,,,,,,,0,88,,80,73,,,,,,,,,,,,,5,,
,,,,,,,,,,,,,,,,,,,,,,,,,,,,,0,,,,,,,0,88,,80,73,,,,,,,,,,,,,5,,
,,,,,,,,,,,,,,,,,,,,,,,,,,,,,0,,,,,,,0,88,,80,73,,,,,,,,,,,,,5,,
,,,,,,,,,,,,,,,,,,,,,,,,,,,,,0,,,,,,,0,88,,80,73,,,,,,,,,,,,,5,,
13530016,setkazaten80_210,Неликвид/Весна - лето / Неликвид,946,-685,Сетки затеняющие,0,0,-72%,1352,0,-947,,-72%,0,-947,,0%,-72%,0.0,0,0.0,42241,0,0,0,0,0,0,0,,999,999,999,235,930,161,88,36,305,277,0,0,0,0,,946,1352,-685,161,92,45,30,19,38,56
13530014,setkazaten55_35,Неликвид/Весна - лето / Неликвид,1130,142,Сетки затеняющие,49155,66030,13%,1883,522,-609,-55%,67%,527,-604,-53%,-1%,13%,1.5,0,0.0,21831,30,66030,142,0,0,0,98,98,98,999,999,132,465,192,88,18,174,186,20183,20183,6183,6183,,1130,1883,142,192,43,45,30,11,45,28
13767595,agrotkan16_5,Актив/Весна - Лето (март-октябрь),324,-170,Укрывной материал для растений,21676,0,-53%,463,0,-325,,-53%,0,-325,,0%,-53%,2.2,0,0.1,101856,11,0,0,0,0,0,0,,0,0,0,90,237,55,88,8,98,75,0,0,-11390,-11390,,324,463,-170,55,42,39,30,6,13,14
,,,,,,,,,,,,,,,,,,,,,,,,,,,,,0,,,,,,,0,88,,80,73,,,,,,,,,,,,,5,,
,,,,,,,,,,,,,,,,,,,,,,,,,,,,,0,,,,,,,0,88,,80,73,,,,,,,,,,,,,5,,
,,,,,,,,,,,,,,,,,,,,,,,,,,,,,0,,,,,,,0,88,,80,73,,,,,,,,,,,,,5,,
,,,,,,,,,,,,,,,,,,,,,,,,,,,,,0,,,,,,,0,88,,80,73,,,,,,,,,,,,,5,,
,,,,,,,,,,,,,,,,,,,,,,,,,,,,,0,,,,,,,0,88,,80,73,,,,,,,,,,,,,5,,
,,,,,,,,,,,,,,,,,,,,,,,,,,,,,0,,,,,,,0,88,,80,73,,,,,,,,,,,,,5,,
,,,,,,,,,,,,,,,,,,,,,,,,,,,,,0,,,,,,,0,88,,80,73,,,,,,,,,,,,,5,,
27027217,shar_stirka4N,Актив/Проблемы с поставками / Дефицит,224,-3,Шары для стиральной машины,272160,370,-1%,299,246,21,36%,-37%,226,1,30%,5%,-1%,40.5,1,0.0,55760,12,0,0,0,0,9,0,0,0,13,0,55,41,38,88,0,80,132,-27,-27,-3702,-3702,,224,299,-3,38,22,39,30,5,9,2
,,,,,,,,,,,,,,,,,,,,,,,,,,,,,0,,,,,,,0,88,,80,73,,,,,,,,,,,,,5,,
,,,,,,,,,,,,,,,,,,,,,,,,,,,,,0,,,,,,,0,88,,80,73,,,,,,,,,,,,,5,,
,,,,,,,,,,,,,,,,,,,,,,,,,,,,,0,,,,,,,0,88,,80,73,,,,,,,,,,,,,5,,
,,,,,,,,,,,,,,,,,,,,,,,,,,,,,0,,,,,,,0,88,,80,73,,,,,,,,,,,,,5,,
,,,,,,,,,,,,,,,,,,,,,,,,,,,,,0,,,,,,,0,88,,80,73,,,,,,,,,,,,,5,,
,,,,,,,,,,,,,,,,,,,,,,,,,,,,,0,,,,,,,0,88,,80,73,,,,,,,,,,,,,5,,
,,,,,,,,,,,,,,,,,,,,,,,,,,,,,0,,,,,,,0,88,,80,73,,,,,,,,,,,,,5,,
,,,,,,,,,,,,,,,,,,,,,,,,,,,,,0,,,,,,,0,88,,80,73,,,,,,,,,,,,,5,,
,,,,,,,,,,,,,,,,,,,,,,,,,,,,,0,,,,,,,0,88,,80,73,,,,,,,,,,,,,5,,
,,,,,,,,,,,,,,,,,,,,,,,,,,,,,0,,,,,,,0,88,,80,73,,,,,,,,,,,,,5,,
,,,,,,,,,,,,,,,,,,,,,,,,,,,,,0,,,,,,,0,88,,80,73,,,,,,,,,,,,,5,,
,,,,,,,,,,,,,,,,,,,,,,,,,,,,,0,,,,,,,0,88,,80,73,,,,,,,,,,,,,5,,
26994083,lentabordur_10x9gofzelN,Неликвид/Весна - лето / Неликвид,289,-68,Ленты бордюрные садовые,0,0,-24%,482,0,-290,,-24%,0,-290,,0%,-24%,0.0,0,0.0,3251,0,0,0,0,0,0,0,,999,999,999,87,125,58,88,2,80,73,0,0,0,0,,289,482,-68,58,41,45,30,5,12,8
,,,,,,,,,,,,,,,,,,,,,,,,,,,,,0,,,,,,,0,88,,80,73,,,,,,,,,,,,,5,,
,,,,,,,,,,,,,,,,,,,,,,,,,,,,,0,,,,,,,0,88,,80,73,,,,,,,,,,,,,5,,
27017659,lentabordur_015x9goftemkorichN,Неликвид/Весна - лето / Неликвид,462,1,Ленты бордюрные садовые,0,370,0%,578,0,-463,,0%,369,-94,-9%,9%,0%,0.0,0,0.0,9860,14,185,1,0,0,1,0,,999,999,999,87,185,92,88,2,80,73,2,2,0,0,,462,578,1,92,40,45,30,5,18,11
,,,,,,,,,,,,,,,,,,,,,,,,,,,,,0,,,,,,,0,88,,80,73,,,,,,,,,,,,,5,,
26996107,sharkolonna_130N,Неликвид,328,-87,Подставки для воздушных шаров,54809,151,-26%,469,0,-329,,-26%,332,3,-5%,5%,-26%,5.6,0,0.0,90150,16,0,0,0,0,1,0,,0,999,999,72,151,56,88,1,80,309,-87,-87,-14516,-14516,,328,469,-87,56,72,39,30,5,13,9
,,,,,,,,,,,,,,,,,,,,,,,,,,,,,0,,,,,,,0,88,,80,73,,,,,,,,,,,,,5,,
13537560,noskiodn50bel,Неликвид,446,82,Носки одноразовые,36260,3564,18%,686,310,-137,3%,15%,301,-146,1%,3%,18%,2.7,0,0.1,186340,30,3564,36,0,0,0,13,13,13,109,109,143,99,89,88,4,80,94,2959,2959,6682,6682,,446,686,82,89,37,39,30,5,18,6
,,,,,,,,,,,,,,,,,,,,,,,,,,,,,0,,,,,,,0,88,,80,73,,,,,,,,,,,,,5,,
,,,,,,,,,,,,,,,,,,,,,,,,,,,,,0,,,,,,,0,88,,80,73,,,,,,,,,,,,,5,,
26995227,virubHV_10N,Неликвид,193,-57,Формочки кулинарные,0,,-30%,276,162,-32,-11%,-18%,160,-34,-13%,1%,-30%,0.0,0,0.0,-2223,0,#N/A,#N/A,0,0,1,0,,999,999,999,50,50,37,88,0,80,73,#N/A,#N/A,0,0,,193,276,-57,37,39,39,30,5,8,3
,,,,,,,,,,,,,,,,,,,,,,,,,,,,,0,,,,,,,0,88,,80,73,,,,,,,,,,,,,5,,
126020054,shary_krasn9NNN,Актив/Новый год / Сезонные,690,174,Елочные украшения,25254,23881,25%,1380,0,-691,,25%,910,219,48%,-48%,25%,1.2,30,24.6,0,30,22677,113,0,0,6,93,98,98,4,4,72,201,117,88,2,80,73,20700,20700,6367,6367,,690,1380,174,117,44,39,30,5,28,12
28674496,chistogryad_50,Неликвид,364,48,Товары для минисада,0,,13%,520,0,-365,,13%,291,-74,16%,-16%,13%,0.0,0,0.0,4034,0,#N/A,#N/A,0,0,0,0,,999,999,999,55,97,62,88,0,80,73,#N/A,#N/A,0,0,,364,520,48,62,22,39,30,5,15,6
,,,,,,,,,,,,,,,,,,,,,,,,,,,,,0,,,,,,,0,88,,80,73,,,,,,,,,,,,,5,,
,,,,,,,,,,,,,,,,,,,,,,,,,,,,,0,,,,,,,0,88,,80,73,,,,,,,,,,,,,5,,
,,,,,,,,,,,,,,,,,,,,,,,,,,,,,0,,,,,,,0,88,,80,73,,,,,,,,,,,,,5,,
,,,,,,,,,,,,,,,,,,,,,,,,,,,,,0,,,,,,,0,88,,80,73,,,,,,,,,,,,,5,,
,,,,,,,,,,,,,,,,,,,,,,,,,,,,,0,,,,,,,0,88,,80,73,,,,,,,,,,,,,5,,
,,,,,,,,,,,,,,,,,,,,,,,,,,,,,0,,,,,,,0,88,,80,73,,,,,,,,,,,,,5,,
,,,,,,,,,,,,,,,,,,,,,,,,,,,,,0,,,,,,,0,88,,80,73,,,,,,,,,,,,,5,,
,,,,,,,,,,,,,,,,,,,,,,,,,,,,,0,,,,,,,0,88,,80,73,,,,,,,,,,,,,5,,
,,,,,,,,,,,,,,,,,,,,,,,,,,,,,0,,,,,,,0,88,,80,73,,,,,,,,,,,,,5,,
,,,,,,,,,,,,,,,,,,,,,,,,,,,,,0,,,,,,,0,88,,80,73,,,,,,,,,,,,,5,,
66393730,virubHV_15N,Неликвид,279,-29,Формочки кулинарные,251,5460,-10%,398,306,26,19%,-29%,281,1,13%,6%,-10%,0.0,0,0.0,0,30,5460,78,0,0,0,2600,2600,2600,999,999,145,70,53,88,0,80,73,-2246,-2246,-26,-26,,279,398,-29,53,55,39,30,5,11,4
,,,,,,,,,,,,,,,,,,,,,,,,,,,,,0,,,,,,,0,88,,80,73,,,,,,,,,,,,,5,,
,,,,,,,,,,,,,,,,,,,,,,,,,,,,,0,,,,,,,0,88,,80,73,,,,,,,,,,,,,5,,
13537566,sharlotta100bel,Актив/Актив / Внесезонные,300,-33,Шапочки косметические,54540,10379,-11%,462,332,31,20%,-30%,304,3,13%,7%,-11%,6.1,5,0.9,658368,30,9844,92,0,0,5,15,16,16,18,17,72,107,51,88,1,80,141,-3167,-3167,-5936,-5936,,300,462,-33,51,42,39,30,5,12,6
,,,,,,,,,,,,,,,,,,,,,,,,,,,,,0,,,,,,,0,88,,80,73,,,,,,,,,,,,,5,,
,,,,,,,,,,,,,,,,,,,,,,,,,,,,,0,,,,,,,0,88,,80,73,,,,,,,,,,,,,5,,
38515151,chatala_d36_4,Неликвид/Весна - лето / Неликвид,480,15,Опоры для растений,34416,7452,3%,685,301,-180,-33%,36%,280,-201,-42%,9%,3%,2.4,1,0.6,5474,30,7275,41,0,0,1,17,18,18,32,31,57,177,96,88,0,80,72,630,630,1075,1075,,480,685,15,96,47,120,30,5,19,11
,,,,,,,,,,,,,,,,,,,,,,,,,,,,,0,,,,,,,0,88,,80,73,,,,,,,,,,,,,5,,
,,,,,,,,,,,,,,,,,,,,,,,,,,,,,0,,,,,,,0,88,,80,73,,,,,,,,,,,,,5,,
,,,,,,,,,,,,,,,,,,,,,,,,,,,,,0,,,,,,,0,88,,80,73,,,,,,,,,,,,,5,,
,,,,,,,,,,,,,,,,,,,,,,,,,,,,,0,,,,,,,0,88,,80,73,,,,,,,,,,,,,5,,
,,,,,,,,,,,,,,,,,,,,,,,,,,,,,0,,,,,,,0,88,,80,73,,,,,,,,,,,,,5,,
,,,,,,,,,,,,,,,,,,,,,,,,,,,,,0,,,,,,,0,88,,80,73,,,,,,,,,,,,,5,,
,,,,,,,,,,,,,,,,,,,,,,,,,,,,,0,,,,,,,0,88,,80,73,,,,,,,,,,,,,5,,
,,,,,,,,,,,,,,,,,,,,,,,,,,,,,0,,,,,,,0,88,,80,73,,,,,,,,,,,,,5,,
,,,,,,,,,,,,,,,,,,,,,,,,,,,,,0,,,,,,,0,88,,80,73,,,,,,,,,,,,,5,,
,,,,,,,,,,,,,,,,,,,,,,,,,,,,,0,,,,,,,0,88,,80,73,,,,,,,,,,,,,5,,
63935150,smes_orhidei2L,Неликвид,267,-29,Удобрения для комнатных растений,2003,506,-11%,381,0,-268,,-11%,213,-55,-8%,8%,-11%,0.3,0,0.0,0,19,506,6,0,0,0,24,24,24,999,999,57,84,53,88,2,80,73,-177,-177,-221,-221,,267,381,-29,53,29,45,30,5,11,5
,,,,,,,,,,,,,,,,,,,,,,,,,,,,,0,,,,,,,0,88,,80,73,,,,,,,,,,,,,5,,
,,,,,,,,,,,,,,,,,,,,,,,,,,,,,0,,,,,,,0,88,,80,73,,,,,,,,,,,,,5,,
,,,,,,,,,,,,,,,,,,,,,,,,,,,,,0,,,,,,,0,88,,80,73,,,,,,,,,,,,,5,,
,,,,,,,,,,,,,,,,,,,,,,,,,,,,,0,,,,,,,0,88,,80,73,,,,,,,,,,,,,5,,
,,,,,,,,,,,,,,,,,,,,,,,,,,,,,0,,,,,,,0,88,,80,73,,,,,,,,,,,,,5,,
17508559,podstavkashar16,Актив/Актив / Внесезонные,602,123,Подставки для воздушных шаров,63571,46778,20%,860,450,-153,9%,11%,412,-191,1%,8%,20%,3.5,1,0.2,368340,30,45633,279,0,500,7,79,223,81,427,416,72,164,102,88,2,80,86,35143,35143,12976,12976,,602,860,123,102,65,39,30,5,24,10
,,,,,,,,,,,,,,,,,,,,,,,,,,,,,0,,,,,,,0,88,,80,73,,,,,,,,,,,,,5,,
,,,,,,,,,,,,,,,,,,,,,,,,,,,,,0,,,,,,,0,88,,80,73,,,,,,,,,,,,,5,,
27008639,setkaprud_2x2_2x5N,Неликвид,530,-43,Сетки для защиты растений,0,,-8%,663,470,-61,-8%,0%,444,-87,-14%,6%,-8%,0.0,0,0.0,4657,0,#N/A,#N/A,0,0,0,0,,999,999,999,84,307,90,88,0,80,73,#N/A,#N/A,0,0,,530,663,-43,90,22,45,30,5,21,18
,,,,,,,,,,,,,,,,,,,,,,,,,,,,,0,,,,,,,0,88,,80,73,,,,,,,,,,,,,5,,
13530017,setkazaten80_25,Неликвид/Весна - лето / Неликвид,1320,153,Сетки затеняющие,10296,82770,12%,1886,464,-857,-82%,94%,471,-850,-79%,-3%,12%,0.3,1,2.6,67450,30,82770,178,0,0,0,685,685,685,266,266,297,465,224,88,36,305,277,27290,27290,1196,1196,,1320,1886,153,224,43,45,30,19,53,28
37743205,shnur1_70chern,Актив,268,18,Шнуры для рукоделия,150187,3531,7%,383,295,26,38%,-31%,271,2,33%,5%,7%,18.7,12,0.6,14209,29,3531,65,0,300,0,3,20,3,6,6,72,54,46,88,0,80,313,1151,1151,9919,9919,,268,383,18,46,22,45,30,5,11,3
,,,,,,,,,,,,,,,,,,,,,,,,,,,,,0,,,,,,,0,88,,80,73,,,,,,,,,,,,,5,,
26989372,poglotitel_zapaha5N,Актив/Актив / Внесезонные,324,-27,Поглотители запаха,285282,91440,-8%,463,355,30,19%,-28%,326,1,13%,7%,-8%,29.4,20,0.7,42750,25,8760,13,60,0,749,0,26,26,38,1,145,120,55,88,0,80,244,-20932,-20932,-24187,-24187,,324,463,-27,55,42,39,30,5,13,7
,,,,,,,,,,,,,,,,,,,,,,,,,,,,,0,,,,,,,0,88,,80,73,,,,,,,,,,,,,5,,
26990371,kapelpoliv_14N,Неликвид,602,-183,Системы полива,1806,1904,-30%,860,509,-94,-45%,14%,481,-122,-52%,8%,-30%,0.1,0,3.3,0,30,1904,4,0,0,0,40,40,40,12,12,40,476,120,88,4,80,73,-734,-734,-550,-550,,602,860,-183,120,22,39,30,5,24,29
,,,,,,,,,,,,,,,,,,,,,,,,,,,,,0,,,,,,,0,88,,80,73,,,,,,,,,,,,,5,,
26993872,derzh_rastN,Неликвид/Весна - лето / Неликвид,196,-33,Клипсаторы,6821,1990,-17%,280,84,-113,-82%,65%,78,-119,-96%,13%,-17%,1.2,1,0.6,-2981,30,1990,46,0,0,0,40,40,40,69,69,37,43,39,88,1,80,73,-1533,-1533,-1160,-1160,,196,280,-33,39,22,30,30,5,8,3
,,,,,,,,,,,,,,,,,,,,,,,,,,,,,0,,,,,,,0,88,,80,73,,,,,,,,,,,,,5,,
,,,,,,,,,,,,,,,,,,,,,,,,,,,,,0,,,,,,,0,88,,80,73,,,,,,,,,,,,,5,,
,,,,,,,,,,,,,,,,,,,,,,,,,,,,,0,,,,,,,0,88,,80,73,,,,,,,,,,,,,5,,
,,,,,,,,,,,,,,,,,,,,,,,,,,,,,0,,,,,,,0,88,,80,73,,,,,,,,,,,,,5,,
,,,,,,,,,,,,,,,,,,,,,,,,,,,,,0,,,,,,,0,88,,80,73,,,,,,,,,,,,,5,,
,,,,,,,,,,,,,,,,,,,,,,,,,,,,,0,,,,,,,0,88,,80,73,,,,,,,,,,,,,5,,
,,,,,,,,,,,,,,,,,,,,,,,,,,,,,0,,,,,,,0,88,,80,73,,,,,,,,,,,,,5,,
30042987,klumbagibk17,Неликвид,3000,-325,Товары для минисада,0,,-11%,4285,2528,-473,-30%,20%,2485,-516,-33%,2%,-11%,0.0,0,0.0,-13,0,#N/A,#N/A,0,0,0,0,,999,999,999,351,2404,510,88,6,89,81,#N/A,#N/A,0,0,,3000,4285,-325,510,22,39,30,5,120,144
28757050,semena_lavanda5,Актив/Актив / Внесезонные,201,-58,Семена,71516,2240,-29%,287,223,21,15%,-44%,203,1,7%,8%,-29%,11.9,10,0.9,13046,26,2240,32,0,0,0,3,3,3,3,3,72,70,34,88,0,80,92,-1870,-1870,-20793,-20793,,201,287,-58,34,29,30,30,5,8,4
27012139,struniklass_medneylonN,Актив/Спрос с сентября / Внесезонные,337,-7,Струны,338483,21067,-2%,449,356,18,19%,-21%,339,1,15%,4%,-2%,33.5,10,0.3,268757,30,20828,174,0,800,2,5,29,5,18,18,72,120,67,88,0,80,267,-1266,-1266,-7224,-7224,,337,449,-7,67,22,45,30,5,13,7
88155404,struniklassNS428_neilon,Актив/Проблемы с поставками / Дефицит,384,-3,Струны,96653,51766,-1%,549,406,21,17%,-18%,389,4,14%,3%,-1%,8.4,1,0.1,0,30,16016,112,0,0,250,13,43,43,362,112,72,143,77,88,0,80,245,-1003,-1003,-697,-697,,384,549,-3,77,29,45,30,5,15,9
27025320,sumka_57N,Неликвид,260,-54,Сумки хозяйственные,0,0,-21%,346,217,-44,-17%,-3%,0,-261,,-17%,-21%,0.0,0,0.0,4203,0,0,0,0,0,0,0,,999,999,999,87,101,60,88,0,80,73,0,0,0,0,,260,346,-54,60,22,39,30,5,10,6
,,,,,,,,,,,,,,,,,,,,,,,,,,,,,0,,,,,,,0,88,,80,73,,,,,,,,,,,,,5,,
,,,,,,,,,,,,,,,,,,,,,,,,,,,,,0,,,,,,,0,88,,80,73,,,,,,,,,,,,,5,,
,,,,,,,,,,,,,,,,,,,,,,,,,,,,,0,,,,,,,0,88,,80,73,,,,,,,,,,,,,5,,
,,,,,,,,,,,,,,,,,,,,,,,,,,,,,0,,,,,,,0,88,,80,73,,,,,,,,,,,,,5,,
,,,,,,,,,,,,,,,,,,,,,,,,,,,,,0,,,,,,,0,88,,80,73,,,,,,,,,,,,,5,,
13768309,setkazaten55_25,Неликвид/Весна - лето / Неликвид,1028,87,Сетки затеняющие,8018,8990,8%,1469,396,-633,-58%,67%,367,-662,-70%,12%,8%,0.3,0,0.0,70748,30,8990,29,0,0,0,112,112,112,999,999,235,310,175,88,36,305,210,2521,2521,678,678,,1028,1469,87,175,43,45,30,19,41,19
,,,,,,,,,,,,,,,,,,,,,,,,,,,,,0,,,,,,,0,88,,80,73,,,,,,,,,,,,,5,,
17223178,mulcha075_6,Актив/Весна - Лето (март-октябрь),2638,32,Укрывной материал для растений,201016,75735,1%,3104,1583,-1056,-7%,9%,1458,-1181,-16%,9%,1%,2.5,0,0.1,304651,4,51678,0,58,0,85,0,33,33,258,0,687,891,448,88,120,914,371,2717,2717,2435,2435,,2638,3104,32,448,106,39,30,59,106,53
26985831,tapetoolB_25N,Неликвид/Весна - лето / Неликвид,4084,1400,Тапенеры,0,,34%,5834,3442,-643,19%,15%,3383,-702,18%,1%,34%,0.0,0,0.0,41081,0,#N/A,#N/A,0,0,1,0,,999,999,999,71,1455,817,88,0,80,73,#N/A,#N/A,0,0,,4084,5834,1400,817,47,39,30,5,163,87
,,,,,,,,,,,,,,,,,,,,,,,,,,,,,0,,,,,,,0,88,,80,73,,,,,,,,,,,,,5,,
,,,,,,,,,,,,,,,,,,,,,,,,,,,,,0,,,,,,,0,88,,80,73,,,,,,,,,,,,,5,,
,,,,,,,,,,,,,,,,,,,,,,,,,,,,,0,,,,,,,0,88,,80,73,,,,,,,,,,,,,5,,
,,,,,,,,,,,,,,,,,,,,,,,,,,,,,0,,,,,,,0,88,,80,73,,,,,,,,,,,,,5,,
,,,,,,,,,,,,,,,,,,,,,,,,,,,,,0,,,,,,,0,88,,80,73,,,,,,,,,,,,,5,,
14337922,mulchakrug40_5kor,Актив/Весна - Лето (март-октябрь),884,174,Укрывной материал для растений,121462,55296,20%,1040,486,-399,-18%,38%,499,-386,-15%,-3%,20%,4.6,0,0.1,286150,30,55296,192,0,0,0,42,42,42,582,582,129,288,150,88,13,136,244,33494,33494,23969,23969,,884,1040,174,150,44,39,30,8,35,17
28143887,torso25_40,Неликвид,223,-87,Багажные сетки,3479,1555,-39%,319,236,12,-2%,-37%,226,2,-6%,4%,-39%,0.5,1,1.9,16109,30,1555,13,0,0,0,25,25,25,13,13,145,120,38,88,0,80,73,-1131,-1131,-1358,-1358,,223,319,-87,38,22,39,30,5,9,7
,,,,,,,,,,,,,,,,,,,,,,,,,,,,,0,,,,,,,0,88,,80,73,,,,,,,,,,,,,5,,
26997734,troy_zagim_chernN,Неликвид,335,-51,Держатели для простыни,0,,-15%,419,0,-336,,-15%,0,-336,,0%,-15%,0.0,0,0.0,27749,0,#N/A,#N/A,0,0,0,0,,999,999,999,79,147,64,88,0,80,73,#N/A,#N/A,0,0,,335,419,-51,64,39,39,30,5,13,9
,,,,,,,,,,,,,,,,,,,,,,,,,,,,,0,,,,,,,0,88,,80,73,,,,,,,,,,,,,5,,
,,,,,,,,,,,,,,,,,,,,,,,,,,,,,0,,,,,,,0,88,,80,73,,,,,,,,,,,,,5,,
,,,,,,,,,,,,,,,,,,,,,,,,,,,,,0,,,,,,,0,88,,80,73,,,,,,,,,,,,,5,,
29371986,setkaogurci_2x3,Неликвид/Весна - лето / Неликвид,268,6,Сетки для защиты растений,5950,4680,2%,383,91,-178,-98%,101%,95,-174,-90%,-8%,2%,0.7,0,0.0,-15327,30,4680,72,0,0,0,97,97,97,999,999,40,65,46,88,1,80,106,460,460,142,142,,268,383,6,46,22,45,30,5,11,4
,,,,,,,,,,,,,,,,,,,,,,,,,,,,,0,,,,,,,0,88,,80,73,,,,,,,,,,,,,5,,
13530013,setkazaten55_310,Неликвид/Весна - лето / Неликвид,1940,357,Сетки затеняющие,37830,64170,18%,2985,805,-1136,-82%,101%,805,-1136,-82%,0%,18%,0.7,0,0.0,114508,30,64170,69,0,0,0,106,106,106,999,999,88,930,330,88,7,96,87,24639,24639,6963,6963,,1940,2985,357,330,58,45,30,6,78,56
,,,,,,,,,,,,,,,,,,,,,,,,,,,,,0,,,,,,,0,88,,80,73,,,,,,,,,,,,,5,,
,,,,,,,,,,,,,,,,,,,,,,,,,,,,,0,,,,,,,0,88,,80,73,,,,,,,,,,,,,5,,
26990370,kolysh_kokos50N,Актив/Весна - Лето (март-октябрь),291,-24,Колышки садовые,38936,24333,-8%,416,307,15,16%,-24%,295,3,13%,3%,-8%,4.5,4,0.8,15971,29,9871,129,0,0,189,29,71,71,87,35,72,77,58,88,1,80,115,-7594,-7594,-3195,-3195,,291,416,-24,58,50,45,30,5,12,5
46136373,mulchakrug30_10_kor,Актив/Весна - Лето (март-октябрь),1148,302,Укрывной материал для растений,227648,87120,26%,1350,811,-338,4%,22%,742,-407,-4%,8%,26%,6.6,1,0.1,702,30,58608,148,0,0,72,22,33,33,328,221,72,396,195,88,2,80,201,66513,66513,59952,59952,,1148,1350,302,195,70,39,30,5,46,24
14337920,mulcha16_6spmalah,Актив/Осень / Сезонные,910,-44,Укрывной материал для растений,158613,2304,-5%,1071,0,-911,,-5%,0,-911,,0%,-5%,5.8,1,0.2,269408,6,0,0,0,0,4,0,1,1,4,0,64,576,155,88,7,92,73,-175,-175,-7634,-7634,,910,1071,-44,155,24,39,30,5,36,35
,,,,,,,,,,,,,,,,,,,,,,,,,,,,,0,,,,,,,0,88,,80,73,,,,,,,,,,,,,5,,
126018161,shary_biruz9NNN,Актив/Новый год / Сезонные,690,173,Елочные украшения,13455,44675,25%,1380,0,-691,,25%,910,219,48%,-48%,25%,0.7,10,15.4,0,30,43468,216,0,0,6,332,342,342,22,22,72,201,117,88,2,80,73,38485,38485,3380,3380,,690,1380,173,117,44,39,30,5,28,12
,,,,,,,,,,,,,,,,,,,,,,,,,,,,,0,,,,,,,0,88,,80,73,,,,,,,,,,,,,5,,
,,,,,,,,,,,,,,,,,,,,,,,,,,,,,0,,,,,,,0,88,,80,73,,,,,,,,,,,,,5,,
,,,,,,,,,,,,,,,,,,,,,,,,,,,,,0,,,,,,,0,88,,80,73,,,,,,,,,,,,,5,,
,,,,,,,,,,,,,,,,,,,,,,,,,,,,,0,,,,,,,0,88,,80,73,,,,,,,,,,,,,5,,
,,,,,,,,,,,,,,,,,,,,,,,,,,,,,0,,,,,,,0,88,,80,73,,,,,,,,,,,,,5,,
,,,,,,,,,,,,,,,,,,,,,,,,,,,,,0,,,,,,,0,88,,80,73,,,,,,,,,,,,,5,,
13196682,vodyanshar111,Неликвид/Весна - лето / Неликвид,188,-61,Воздушные шарики,6937,16577,-32%,289,205,16,13%,-45%,188,-1,6%,7%,-32%,1.2,1,1.1,352344,30,9727,142,0,0,100,115,197,197,182,107,72,69,32,88,1,80,162,-14646,-14646,-2233,-2233,,188,289,-61,32,22,39,30,5,8,4
,,,,,,,,,,,,,,,,,,,,,,,,,,,,,0,,,,,,,0,88,,80,73,,,,,,,,,,,,,5,,
14337961,agrotkan16_9,Актив/Весна - Лето (март-октябрь),959,163,Укрывной материал для растений,37113,164486,17%,1370,389,-571,-73%,90%,397,-563,-70%,-3%,17%,1.3,0,0.0,260898,30,164486,434,0,0,0,336,336,336,999,999,84,379,163,88,10,113,91,70674,70674,6302,6302,,959,1370,163,163,43,39,30,7,38,23
,,,,,,,,,,,,,,,,,,,,,,,,,,,,,0,,,,,,,0,88,,80,73,,,,,,,,,,,,,5,,
,,,,,,,,,,,,,,,,,,,,,,,,,,,,,0,,,,,,,0,88,,80,73,,,,,,,,,,,,,5,,
,,,,,,,,,,,,,,,,,,,,,,,,,,,,,0,,,,,,,0,88,,80,73,,,,,,,,,,,,,5,,
,,,,,,,,,,,,,,,,,,,,,,,,,,,,,0,,,,,,,0,88,,80,73,,,,,,,,,,,,,5,,
14862504,mulchakrug60_5kor,Актив/Весна - Лето (март-октябрь),1221,239,Укрывной материал для растений,173626,52416,20%,1436,888,-334,-3%,23%,832,-390,-10%,6%,20%,4.7,1,0.2,140002,30,50904,101,0,0,3,21,22,22,104,101,72,504,208,88,2,80,178,24848,24848,33974,33974,,1221,1436,239,208,77,39,30,5,49,30
126017325,shary_zoloto9NNN,Актив/Новый год / Сезонные,690,174,Елочные украшения,4554,49769,25%,1380,0,-691,,25%,910,219,48%,-48%,25%,0.2,9,39.4,0,30,48765,243,0,0,5,1105,1127,1127,29,28,72,201,117,88,2,80,73,43139,43139,1148,1148,,690,1380,174,117,44,39,30,5,28,12
37742226,zaplatki48,Неликвид/Весна - лето / Неликвид,148,-79,Ремкомплекты автомобильные,23044,11859,-53%,212,165,16,6%,-59%,150,1,-3%,9%,-53%,5.2,4,0.8,16378,20,9612,190,11,0,58,37,48,48,62,48,40,48,25,88,0,80,313,-19592,-19592,-12300,-12300,,148,212,-79,25,31,39,30,5,6,3
,,,,,,,,,,,,,,,,,,,,,,,,,,,,,0,,,,,,,0,88,,80,73,,,,,,,,,,,,,5,,
,,,,,,,,,,,,,,,,,,,,,,,,,,,,,0,,,,,,,0,88,,80,73,,,,,,,,,,,,,5,,
59539500,veseliy_zoopark,Актив/Актив / Внесезонные,455,81,Погремушки,196424,10141,18%,650,332,-124,7%,11%,305,-151,0%,7%,18%,14.4,4,0.3,0,30,10141,81,0,510,0,6,41,6,19,19,72,125,86,88,1,80,233,6578,6578,35057,35057,,455,650,81,86,22,30,30,5,18,8
,,,,,,,,,,,,,,,,,,,,,,,,,,,,,0,,,,,,,0,88,,80,73,,,,,,,,,,,,,5,,
,,,,,,,,,,,,,,,,,,,,,,,,,,,,,0,,,,,,,0,88,,80,73,,,,,,,,,,,,,5,,
,,,,,,,,,,,,,,,,,,,,,,,,,,,,,0,,,,,,,0,88,,80,73,,,,,,,,,,,,,5,,
26990817,gorshok_adelN,Актив,396,80,Кашпо,114167,113354,20%,566,211,-186,-13%,33%,198,-199,-20%,7%,20%,9.6,2,0.2,109568,30,10397,144,0,0,1426,15,163,163,785,72,72,72,67,88,3,80,178,125722,125722,23086,23086,,396,566,80,67,42,120,30,5,16,4
,,,,,,,,,,,,,,,,,,,,,,,,,,,,,0,,,,,,,0,88,,80,73,,,,,,,,,,,,,5,,
,,,,,,,,,,,,,,,,,,,,,,,,,,,,,0,,,,,,,0,88,,80,73,,,,,,,,,,,,,5,,
26995607,zhmyh_g2N,Неликвид/Весна - лето / Неликвид,310,-37,Удобрения для открытого грунта,9300,0,-12%,517,335,24,13%,-25%,315,4,8%,5%,-12%,1.0,0,0.0,14668,3,0,0,0,0,0,0,,0,999,999,57,117,62,88,1,80,73,0,0,-1097,-1097,,310,517,-37,62,34,45,30,5,12,7
,,,,,,,,,,,,,,,,,,,,,,,,,,,,,0,,,,,,,0,88,,80,73,,,,,,,,,,,,,5,,
,,,,,,,,,,,,,,,,,,,,,,,,,,,,,0,,,,,,,0,88,,80,73,,,,,,,,,,,,,5,,
26990827,zola2l_drevesN,Неликвид/Весна - лето / Неликвид,108,-172,Удобрения для открытого грунта,0,0,-160%,154,108,-1,-95%,-65%,0,-109,,-95%,-160%,0.0,0,0.0,40291,1,0,0,0,0,0,0,,999,999,999,82,72,22,88,1,80,73,0,0,0,0,,108,154,-172,22,64,45,30,5,4,4
,,,,,,,,,,,,,,,,,,,,,,,,,,,,,0,,,,,,,0,88,,80,73,,,,,,,,,,,,,5,,
,,,,,,,,,,,,,,,,,,,,,,,,,,,,,0,,,,,,,0,88,,80,73,,,,,,,,,,,,,5,,
,,,,,,,,,,,,,,,,,,,,,,,,,,,,,0,,,,,,,0,88,,80,73,,,,,,,,,,,,,5,,
,,,,,,,,,,,,,,,,,,,,,,,,,,,,,0,,,,,,,0,88,,80,73,,,,,,,,,,,,,5,,
,,,,,,,,,,,,,,,,,,,,,,,,,,,,,0,,,,,,,0,88,,80,73,,,,,,,,,,,,,5,,
,,,,,,,,,,,,,,,,,,,,,,,,,,,,,0,,,,,,,0,88,,80,73,,,,,,,,,,,,,5,,
,,,,,,,,,,,,,,,,,,,,,,,,,,,,,0,,,,,,,0,88,,80,73,,,,,,,,,,,,,5,,
,,,,,,,,,,,,,,,,,,,,,,,,,,,,,0,,,,,,,0,88,,80,73,,,,,,,,,,,,,5,,
,,,,,,,,,,,,,,,,,,,,,,,,,,,,,0,,,,,,,0,88,,80,73,,,,,,,,,,,,,5,,
,,,,,,,,,,,,,,,,,,,,,,,,,,,,,0,,,,,,,0,88,,80,73,,,,,,,,,,,,,5,,
,,,,,,,,,,,,,,,,,,,,,,,,,,,,,0,,,,,,,0,88,,80,73,,,,,,,,,,,,,5,,
,,,,,,,,,,,,,,,,,,,,,,,,,,,,,0,,,,,,,0,88,,80,73,,,,,,,,,,,,,5,,
,,,,,,,,,,,,,,,,,,,,,,,,,,,,,0,,,,,,,0,88,,80,73,,,,,,,,,,,,,5,,
,,,,,,,,,,,,,,,,,,,,,,,,,,,,,0,,,,,,,0,88,,80,73,,,,,,,,,,,,,5,,
,,,,,,,,,,,,,,,,,,,,,,,,,,,,,0,,,,,,,0,88,,80,73,,,,,,,,,,,,,5,,
,,,,,,,,,,,,,,,,,,,,,,,,,,,,,0,,,,,,,0,88,,80,73,,,,,,,,,,,,,5,,
,,,,,,,,,,,,,,,,,,,,,,,,,,,,,0,,,,,,,0,88,,80,73,,,,,,,,,,,,,5,,
,,,,,,,,,,,,,,,,,,,,,,,,,,,,,0,,,,,,,0,88,,80,73,,,,,,,,,,,,,5,,
,,,,,,,,,,,,,,,,,,,,,,,,,,,,,0,,,,,,,0,88,,80,73,,,,,,,,,,,,,5,,
,,,,,,,,,,,,,,,,,,,,,,,,,,,,,0,,,,,,,0,88,,80,73,,,,,,,,,,,,,5,,
,,,,,,,,,,,,,,,,,,,,,,,,,,,,,0,,,,,,,0,88,,80,73,,,,,,,,,,,,,5,,
,,,,,,,,,,,,,,,,,,,,,,,,,,,,,0,,,,,,,0,88,,80,73,,,,,,,,,,,,,5,,
,,,,,,,,,,,,,,,,,,,,,,,,,,,,,0,,,,,,,0,88,,80,73,,,,,,,,,,,,,5,,
,,,,,,,,,,,,,,,,,,,,,,,,,,,,,0,,,,,,,0,88,,80,73,,,,,,,,,,,,,5,,
,,,,,,,,,,,,,,,,,,,,,,,,,,,,,0,,,,,,,0,88,,80,73,,,,,,,,,,,,,5,,
,,,,,,,,,,,,,,,,,,,,,,,,,,,,,0,,,,,,,0,88,,80,73,,,,,,,,,,,,,5,,
,,,,,,,,,,,,,,,,,,,,,,,,,,,,,0,,,,,,,0,88,,80,73,,,,,,,,,,,,,5,,
,,,,,,,,,,,,,,,,,,,,,,,,,,,,,0,,,,,,,0,88,,80,73,,,,,,,,,,,,,5,,
,,,,,,,,,,,,,,,,,,,,,,,,,,,,,0,,,,,,,0,88,,80,73,,,,,,,,,,,,,5,,
,,,,,,,,,,,,,,,,,,,,,,,,,,,,,0,,,,,,,0,88,,80,73,,,,,,,,,,,,,5,,
,,,,,,,,,,,,,,,,,,,,,,,,,,,,,0,,,,,,,0,88,,80,73,,,,,,,,,,,,,5,,
,,,,,,,,,,,,,,,,,,,,,,,,,,,,,0,,,,,,,0,88,,80,73,,,,,,,,,,,,,5,,
,,,,,,,,,,,,,,,,,,,,,,,,,,,,,0,,,,,,,0,88,,80,73,,,,,,,,,,,,,5,,
,,,,,,,,,,,,,,,,,,,,,,,,,,,,,0,,,,,,,0,88,,80,73,,,,,,,,,,,,,5,,
,,,,,,,,,,,,,,,,,,,,,,,,,,,,,0,,,,,,,0,88,,80,73,,,,,,,,,,,,,5,,
,,,,,,,,,,,,,,,,,,,,,,,,,,,,,0,,,,,,,0,88,,80,73,,,,,,,,,,,,,5,,
,,,,,,,,,,,,,,,,,,,,,,,,,,,,,0,,,,,,,0,88,,80,73,,,,,,,,,,,,,5,,
,,,,,,,,,,,,,,,,,,,,,,,,,,,,,0,,,,,,,0,88,,80,73,,,,,,,,,,,,,5,,
,,,,,,,,,,,,,,,,,,,,,,,,,,,,,0,,,,,,,0,88,,80,73,,,,,,,,,,,,,5,,
,,,,,,,,,,,,,,,,,,,,,,,,,,,,,0,,,,,,,0,88,,80,73,,,,,,,,,,,,,5,,
,,,,,,,,,,,,,,,,,,,,,,,,,,,,,0,,,,,,,0,88,,80,73,,,,,,,,,,,,,5,,
,,,,,,,,,,,,,,,,,,,,,,,,,,,,,0,,,,,,,0,88,,80,73,,,,,,,,,,,,,5,,
,,,,,,,,,,,,,,,,,,,,,,,,,,,,,0,,,,,,,0,88,,80,73,,,,,,,,,,,,,5,,
,,,,,,,,,,,,,,,,,,,,,,,,,,,,,0,,,,,,,0,88,,80,73,,,,,,,,,,,,,5,,
,,,,,,,,,,,,,,,,,,,,,,,,,,,,,0,,,,,,,0,88,,80,73,,,,,,,,,,,,,5,,
,,,,,,,,,,,,,,,,,,,,,,,,,,,,,0,,,,,,,0,88,,80,73,,,,,,,,,,,,,5,,
,,,,,,,,,,,,,,,,,,,,,,,,,,,,,0,,,,,,,0,88,,80,73,,,,,,,,,,,,,5,,
,,,,,,,,,,,,,,,,,,,,,,,,,,,,,0,,,,,,,0,88,,80,73,,,,,,,,,,,,,5,,
,,,,,,,,,,,,,,,,,,,,,,,,,,,,,0,,,,,,,0,88,,80,73,,,,,,,,,,,,,5,,
,,,,,,,,,,,,,,,,,,,,,,,,,,,,,0,,,,,,,0,88,,80,73,,,,,,,,,,,,,5,,
,,,,,,,,,,,,,,,,,,,,,,,,,,,,,0,,,,,,,0,88,,80,73,,,,,,,,,,,,,5,,
,,,,,,,,,,,,,,,,,,,,,,,,,,,,,0,,,,,,,0,88,,80,73,,,,,,,,,,,,,5,,
,,,,,,,,,,,,,,,,,,,,,,,,,,,,,0,,,,,,,0,88,,80,73,,,,,,,,,,,,,5,,
,,,,,,,,,,,,,,,,,,,,,,,,,,,,,0,,,,,,,0,88,,80,73,,,,,,,,,,,,,5,,
,,,,,,,,,,,,,,,,,,,,,,,,,,,,,0,,,,,,,0,88,,80,73,,,,,,,,,,,,,5,,
,,,,,,,,,,,,,,,,,,,,,,,,,,,,,0,,,,,,,0,88,,80,73,,,,,,,,,,,,,5,,
,,,,,,,,,,,,,,,,,,,,,,,,,,,,,0,,,,,,,0,88,,80,73,,,,,,,,,,,,,5,,
,,,,,,,,,,,,,,,,,,,,,,,,,,,,,0,,,,,,,0,88,,80,73,,,,,,,,,,,,,5,,
,,,,,,,,,,,,,,,,,,,,,,,,,,,,,0,,,,,,,0,88,,80,73,,,,,,,,,,,,,5,,
,,,,,,,,,,,,,,,,,,,,,,,,,,,,,0,,,,,,,0,88,,80,73,,,,,,,,,,,,,5,,
,,,,,,,,,,,,,,,,,,,,,,,,,,,,,0,,,,,,,0,88,,80,73,,,,,,,,,,,,,5,,
,,,,,,,,,,,,,,,,,,,,,,,,,,,,,0,,,,,,,0,88,,80,73,,,,,,,,,,,,,5,,
,,,,,,,,,,,,,,,,,,,,,,,,,,,,,0,,,,,,,0,88,,80,73,,,,,,,,,,,,,5,,
,,,,,,,,,,,,,,,,,,,,,,,,,,,,,0,,,,,,,0,88,,80,73,,,,,,,,,,,,,5,,
,,,,,,,,,,,,,,,,,,,,,,,,,,,,,0,,,,,,,0,88,,80,73,,,,,,,,,,,,,5,,
,,,,,,,,,,,,,,,,,,,,,,,,,,,,,0,,,,,,,0,88,,80,73,,,,,,,,,,,,,5,,
,,,,,,,,,,,,,,,,,,,,,,,,,,,,,0,,,,,,,0,88,,80,73,,,,,,,,,,,,,5,,
,,,,,,,,,,,,,,,,,,,,,,,,,,,,,0,,,,,,,0,88,,80,73,,,,,,,,,,,,,5,,
,,,,,,,,,,,,,,,,,,,,,,,,,,,,,0,,,,,,,0,88,,80,73,,,,,,,,,,,,,5,,
,,,,,,,,,,,,,,,,,,,,,,,,,,,,,0,,,,,,,0,88,,80,73,,,,,,,,,,,,,5,,
,,,,,,,,,,,,,,,,,,,,,,,,,,,,,0,,,,,,,0,88,,80,73,,,,,,,,,,,,,5,,
,,,,,,,,,,,,,,,,,,,,,,,,,,,,,0,,,,,,,0,88,,80,73,,,,,,,,,,,,,5,,
,,,,,,,,,,,,,,,,,,,,,,,,,,,,,0,,,,,,,0,88,,80,73,,,,,,,,,,,,,5,,
,,,,,,,,,,,,,,,,,,,,,,,,,,,,,0,,,,,,,0,88,,80,73,,,,,,,,,,,,,5,,
,,,,,,,,,,,,,,,,,,,,,,,,,,,,,0,,,,,,,0,88,,80,73,,,,,,,,,,,,,5,,
,,,,,,,,,,,,,,,,,,,,,,,,,,,,,0,,,,,,,0,88,,80,73,,,,,,,,,,,,,5,,
,,,,,,,,,,,,,,,,,,,,,,,,,,,,,0,,,,,,,0,88,,80,73,,,,,,,,,,,,,5,,
,,,,,,,,,,,,,,,,,,,,,,,,,,,,,0,,,,,,,0,88,,80,73,,,,,,,,,,,,,5,,
,,,,,,,,,,,,,,,,,,,,,,,,,,,,,0,,,,,,,0,88,,80,73,,,,,,,,,,,,,5,,
,,,,,,,,,,,,,,,,,,,,,,,,,,,,,0,,,,,,,0,88,,80,73,,,,,,,,,,,,,5,,
,,,,,,,,,,,,,,,,,,,,,,,,,,,,,0,,,,,,,0,88,,80,73,,,,,,,,,,,,,5,,
,,,,,,,,,,,,,,,,,,,,,,,,,,,,,0,,,,,,,0,88,,80,73,,,,,,,,,,,,,5,,
,,,,,,,,,,,,,,,,,,,,,,,,,,,,,0,,,,,,,0,88,,80,73,,,,,,,,,,,,,5,,
,,,,,,,,,,,,,,,,,,,,,,,,,,,,,0,,,,,,,0,88,,80,73,,,,,,,,,,,,,5,,
,,,,,,,,,,,,,,,,,,,,,,,,,,,,,0,,,,,,,0,88,,80,73,,,,,,,,,,,,,5,,
,,,,,,,,,,,,,,,,,,,,,,,,,,,,,0,,,,,,,0,88,,80,73,,,,,,,,,,,,,5,,
,,,,,,,,,,,,,,,,,,,,,,,,,,,,,0,,,,,,,0,88,,80,73,,,,,,,,,,,,,5,,
,,,,,,,,,,,,,,,,,,,,,,,,,,,,,0,,,,,,,0,88,,80,73,,,,,,,,,,,,,5,,
,,,,,,,,,,,,,,,,,,,,,,,,,,,,,0,,,,,,,0,88,,80,73,,,,,,,,,,,,,5,,
,,,,,,,,,,,,,,,,,,,,,,,,,,,,,0,,,,,,,0,88,,80,73,,,,,,,,,,,,,5,,
,,,,,,,,,,,,,,,,,,,,,,,,,,,,,0,,,,,,,0,88,,80,73,,,,,,,,,,,,,5,,
,,,,,,,,,,,,,,,,,,,,,,,,,,,,,0,,,,,,,0,88,,80,73,,,,,,,,,,,,,5,,
,,,,,,,,,,,,,,,,,,,,,,,,,,,,,0,,,,,,,0,88,,80,73,,,,,,,,,,,,,5,,
,,,,,,,,,,,,,,,,,,,,,,,,,,,,,0,,,,,,,0,88,,80,73,,,,,,,,,,,,,5,,
,,,,,,,,,,,,,,,,,,,,,,,,,,,,,0,,,,,,,0,88,,80,73,,,,,,,,,,,,,5,,
,,,,,,,,,,,,,,,,,,,,,,,,,,,,,0,,,,,,,0,88,,80,73,,,,,,,,,,,,,5,,
,,,,,,,,,,,,,,,,,,,,,,,,,,,,,0,,,,,,,0,88,,80,73,,,,,,,,,,,,,5,,
,,,,,,,,,,,,,,,,,,,,,,,,,,,,,0,,,,,,,0,88,,80,73,,,,,,,,,,,,,5,,
,,,,,,,,,,,,,,,,,,,,,,,,,,,,,0,,,,,,,0,88,,80,73,,,,,,,,,,,,,5,,
,,,,,,,,,,,,,,,,,,,,,,,,,,,,,0,,,,,,,0,88,,80,73,,,,,,,,,,,,,5,,
,,,,,,,,,,,,,,,,,,,,,,,,,,,,,0,,,,,,,0,88,,80,73,,,,,,,,,,,,,5,,
,,,,,,,,,,,,,,,,,,,,,,,,,,,,,0,,,,,,,0,88,,80,73,,,,,,,,,,,,,5,,
,,,,,,,,,,,,,,,,,,,,,,,,,,,,,0,,,,,,,0,88,,80,73,,,,,,,,,,,,,5,,
,,,,,,,,,,,,,,,,,,,,,,,,,,,,,0,,,,,,,0,88,,80,73,,,,,,,,,,,,,5,,
,,,,,,,,,,,,,,,,,,,,,,,,,,,,,0,,,,,,,0,88,,80,73,,,,,,,,,,,,,5,,
,,,,,,,,,,,,,,,,,,,,,,,,,,,,,0,,,,,,,0,88,,80,73,,,,,,,,,,,,,5,,
,,,,,,,,,,,,,,,,,,,,,,,,,,,,,0,,,,,,,0,88,,80,73,,,,,,,,,,,,,5,,
,,,,,,,,,,,,,,,,,,,,,,,,,,,,,0,,,,,,,0,88,,80,73,,,,,,,,,,,,,5,,
,,,,,,,,,,,,,,,,,,,,,,,,,,,,,0,,,,,,,0,88,,80,73,,,,,,,,,,,,,5,,
,,,,,,,,,,,,,,,,,,,,,,,,,,,,,0,,,,,,,0,88,,80,73,,,,,,,,,,,,,5,,
,,,,,,,,,,,,,,,,,,,,,,,,,,,,,0,,,,,,,0,88,,80,73,,,,,,,,,,,,,5,,
,,,,,,,,,,,,,,,,,,,,,,,,,,,,,0,,,,,,,0,88,,80,73,,,,,,,,,,,,,5,,
,,,,,,,,,,,,,,,,,,,,,,,,,,,,,0,,,,,,,0,88,,80,73,,,,,,,,,,,,,5,,
,,,,,,,,,,,,,,,,,,,,,,,,,,,,,0,,,,,,,0,88,,80,73,,,,,,,,,,,,,5,,
,,,,,,,,,,,,,,,,,,,,,,,,,,,,,0,,,,,,,0,88,,80,73,,,,,,,,,,,,,5,,
,,,,,,,,,,,,,,,,,,,,,,,,,,,,,0,,,,,,,0,88,,80,73,,,,,,,,,,,,,5,,
,,,,,,,,,,,,,,,,,,,,,,,,,,,,,0,,,,,,,0,88,,80,73,,,,,,,,,,,,,5,,
,,,,,,,,,,,,,,,,,,,,,,,,,,,,,0,,,,,,,0,88,,80,73,,,,,,,,,,,,,5,,
,,,,,,,,,,,,,,,,,,,,,,,,,,,,,0,,,,,,,0,88,,80,73,,,,,,,,,,,,,5,,
,,,,,,,,,,,,,,,,,,,,,,,,,,,,,0,,,,,,,0,88,,80,73,,,,,,,,,,,,,5,,
,,,,,,,,,,,,,,,,,,,,,,,,,,,,,0,,,,,,,0,88,,80,73,,,,,,,,,,,,,5,,
,,,,,,,,,,,,,,,,,,,,,,,,,,,,,0,,,,,,,0,88,,80,73,,,,,,,,,,,,,5,,
,,,,,,,,,,,,,,,,,,,,,,,,,,,,,0,,,,,,,0,88,,80,73,,,,,,,,,,,,,5,,
,,,,,,,,,,,,,,,,,,,,,,,,,,,,,0,,,,,,,0,88,,80,73,,,,,,,,,,,,,5,,
,,,,,,,,,,,,,,,,,,,,,,,,,,,,,0,,,,,,,0,88,,80,73,,,,,,,,,,,,,5,,
,,,,,,,,,,,,,,,,,,,,,,,,,,,,,0,,,,,,,0,88,,80,73,,,,,,,,,,,,,5,,
,,,,,,,,,,,,,,,,,,,,,,,,,,,,,0,,,,,,,0,88,,80,73,,,,,,,,,,,,,5,,
,,,,,,,,,,,,,,,,,,,,,,,,,,,,,0,,,,,,,0,88,,80,73,,,,,,,,,,,,,5,,
,,,,,,,,,,,,,,,,,,,,,,,,,,,,,0,,,,,,,0,88,,80,73,,,,,,,,,,,,,5,,
,,,,,,,,,,,,,,,,,,,,,,,,,,,,,0,,,,,,,0,88,,80,73,,,,,,,,,,,,,5,,
,,,,,,,,,,,,,,,,,,,,,,,,,,,,,0,,,,,,,0,88,,80,73,,,,,,,,,,,,,5,,
,,,,,,,,,,,,,,,,,,,,,,,,,,,,,0,,,,,,,0,88,,80,73,,,,,,,,,,,,,5,,
,,,,,,,,,,,,,,,,,,,,,,,,,,,,,0,,,,,,,0,88,,80,73,,,,,,,,,,,,,5,,
,,,,,,,,,,,,,,,,,,,,,,,,,,,,,0,,,,,,,0,88,,80,73,,,,,,,,,,,,,5,,
,,,,,,,,,,,,,,,,,,,,,,,,,,,,,0,,,,,,,0,88,,80,73,,,,,,,,,,,,,5,,
,,,,,,,,,,,,,,,,,,,,,,,,,,,,,0,,,,,,,0,88,,80,73,,,,,,,,,,,,,5,,
,,,,,,,,,,,,,,,,,,,,,,,,,,,,,0,,,,,,,0,88,,80,73,,,,,,,,,,,,,5,,
,,,,,,,,,,,,,,,,,,,,,,,,,,,,,0,,,,,,,0,88,,80,73,,,,,,,,,,,,,5,,
,,,,,,,,,,,,,,,,,,,,,,,,,,,,,0,,,,,,,0,88,,80,73,,,,,,,,,,,,,5,,
,,,,,,,,,,,,,,,,,,,,,,,,,,,,,0,,,,,,,0,88,,80,73,,,,,,,,,,,,,5,,
,,,,,,,,,,,,,,,,,,,,,,,,,,,,,0,,,,,,,0,88,,80,73,,,,,,,,,,,,,5,,
,,,,,,,,,,,,,,,,,,,,,,,,,,,,,0,,,,,,,0,88,,80,73,,,,,,,,,,,,,5,,
,,,,,,,,,,,,,,,,,,,,,,,,,,,,,0,,,,,,,0,88,,80,73,,,,,,,,,,,,,5,,
,,,,,,,,,,,,,,,,,,,,,,,,,,,,,0,,,,,,,0,88,,80,73,,,,,,,,,,,,,5,,
,,,,,,,,,,,,,,,,,,,,,,,,,,,,,0,,,,,,,0,88,,80,73,,,,,,,,,,,,,5,,
,,,,,,,,,,,,,,,,,,,,,,,,,,,,,0,,,,,,,0,88,,80,73,,,,,,,,,,,,,5,,
,,,,,,,,,,,,,,,,,,,,,,,,,,,,,0,,,,,,,0,88,,80,73,,,,,,,,,,,,,5,,
,,,,,,,,,,,,,,,,,,,,,,,,,,,,,0,,,,,,,0,88,,80,73,,,,,,,,,,,,,5,,